"Address A","Port A","Address B","Port B","Packets","Bytes","Packets A→B","Bytes A→B","Packets A←B","Bytes A←B","Rel Start","Duration","bps A→B","bps A←B"
"1.1.2.3","41072","5.6.7.8","http","16","6230","9","718","7","5512","0.000000000","0.6773","8481.36","65110.37"
"1.1.2.3","41073","5.6.7.8","http","22","11341","12","916","10","10425","0.596235000","0.0050","1468242.84","16710078.14"
"1.1.2.3","41074","5.6.7.8","http","12","2984","7","586","5","2398","0.699019000","0.0039","1189244.04","4866565.20"
"1.1.2.3","41075","5.6.7.8","http","20","9633","11","850","9","8783","1.118460000","0.0046","1472817.85","15218540.18"
"1.1.2.3","41076","5.6.7.8","http","20","9049","11","850","9","8199","1.169217000","0.0045","1501766.78","14485865.72"
"1.1.2.3","41077","5.6.7.8","http","18","7890","10","784","8","7106","1.310346000","0.0042","1504076.74","13632613.91"
"1.1.2.3","41078","5.6.7.8","http","20","9216","11","850","9","8366","1.374483000","0.0041","1667484.06","16411966.65"
"1.1.2.3","41079","5.6.7.8","http","16","6111","9","718","7","5393","1.485197000","0.0037","1537884.87","11551271.75"
"1.1.2.3","41080","5.6.7.8","http","18","7783","10","784","8","6999","1.672451000","0.0038","1638453.50","14626959.25"
"1.1.2.3","41081","5.6.7.8","http","22","10725","12","916","10","9809","1.996665000","0.0046","1597906.67","17111208.02"
"1.1.2.3","41082","5.6.7.8","http","12","2701","7","586","5","2115","2.109033000","0.0034","1384524.51","4997046.66"
"1.1.2.3","41083","5.6.7.8","http","20","8824","11","850","9","7974","2.745376000","0.0042","1635795.04","15345681.98"
"1.1.2.3","41084","5.6.7.8","http","18","7637","10","784","8","6853","2.757389000","0.0039","1618580.65","14148129.03"
"1.1.2.3","41085","5.6.7.8","http","22","10317","12","916","10","9401","3.277738000","0.0041","1774334.14","18210169.49"
"1.1.2.3","41086","5.6.7.8","http","22","11606","12","916","10","10690","3.553427000","0.0041","1768339.77","20637065.64"
"1.1.2.3","41087","5.6.7.8","http","18","8514","10","784","8","7730","3.955617000","0.0041","1530502.68","15090287.95"
"1.1.2.3","41088","5.6.7.8","http","12","3039","7","586","5","2453","3.990845000","0.0035","1353739.53","5666762.92"
"1.1.2.3","41089","5.6.7.8","http","16","5759","9","718","7","5041","4.032618000","0.0037","1564696.27","10985562.52"
"1.1.2.3","41090","5.6.7.8","http","12","3502","7","586","5","2916","4.284501000","0.0036","1309131.53","6514381.46"
"1.1.2.3","41091","5.6.7.8","http","12","2704","7","586","5","2118","4.310247000","0.0034","1361603.25","4921289.57"
"1.1.2.3","41092","5.6.7.8","http","18","8397","10","784","8","7613","4.753595000","0.0040","1559035.55","15138951.03"
"1.1.2.3","41093","5.6.7.8","http","14","4942","8","652","6","4290","4.806681000","0.0036","1448084.40","9528039.98"
"1.1.2.3","41094","5.6.7.8","http","16","5567","9","718","7","4849","4.935108000","0.0143","403087.72","2722245.61"
"1.1.2.3","41095","5.6.7.8","http","20","9080","11","850","9","8230","5.016794000","0.0040","1681087.76","16276885.04"
"1.1.2.3","41096","5.6.7.8","http","14","4458","8","652","6","3806","5.415128000","0.0037","1403659.85","8193756.73"
"1.1.2.3","41097","5.6.7.8","http","18","7951","10","784","8","7167","5.782489000","0.0040","1585840.71","14497092.29"
"1.1.2.3","41098","5.6.7.8","http","12","3036","7","586","5","2450","5.801916000","0.0033","1400657.31","5855990.44"
"1.1.2.3","41099","5.6.7.8","http","22","11367","12","916","10","10451","6.064057000","0.0041","1773904.62","20239167.27"
"1.1.2.3","41100","5.6.7.8","http","16","6057","9","718","7","5339","6.481830000","0.0040","1444304.75","10739753.58"
"1.1.2.3","41101","5.6.7.8","http","16","5534","9","718","7","4816","6.795398000","0.0036","1574561.40","10561403.51"
"1.1.2.3","41102","5.6.7.8","http","18","7841","10","784","8","7057","6.987013000","0.0040","1579053.37","14213494.46"
"1.1.2.3","41103","5.6.7.8","http","14","4491","8","652","6","3839","7.268230000","0.0037","1391304.35","8192051.21"
"1.1.2.3","41104","5.6.7.8","http","18","7115","10","784","8","6331","7.585480000","0.0039","1595116.99","12880976.60"
"1.1.2.3","41105","5.6.7.8","http","18","7480","10","784","8","6696","7.732008000","0.0038","1665427.51","14224110.46"
"1.1.2.3","41106","5.6.7.8","http","12","2397","7","586","5","1811","7.943098000","0.0032","1449598.02","4479901.05"
"1.1.2.3","41107","5.6.7.8","http","22","11600","12","916","10","10684","8.301584000","0.0042","1739378.12","20287680.99"
"1.1.2.3","41108","5.6.7.8","http","16","6579","9","718","7","5861","8.464090000","0.0038","1513171.76","12351949.42"
"1.1.2.3","41109","5.6.7.8","http","14","4466","8","652","6","3814","8.728050000","0.0035","1508822.68","8826149.84"
"1.1.2.3","41110","5.6.7.8","http","12","3112","7","586","5","2526","8.766358000","0.0034","1380041.21","5948778.33"
"1.1.2.3","fs-qos","5.6.7.8","http","22","11181","12","916","10","10265","8.775666000","0.0039","1873689.59","20997187.42"
"1.1.2.3","41112","5.6.7.8","http","22","10707","12","916","10","9791","8.807336000","0.0039","1860370.65","19885250.06"
"1.1.2.3","41113","5.6.7.8","http","14","4810","8","652","6","4158","8.915025000","0.0035","1500575.37","9569620.25"
"1.1.2.3","41114","5.6.7.8","http","18","7573","10","784","8","6789","9.250561000","0.0043","1443830.57","12502762.43"
"1.1.2.3","41115","5.6.7.8","http","14","3968","8","652","6","3316","9.542969000","0.0036","1443675.62","7342374.76"
"1.1.2.3","41116","5.6.7.8","http","12","2592","7","586","5","2006","9.739236000","0.0034","1389448.73","4756372.26"
"1.1.2.3","41117","5.6.7.8","http","16","6407","9","718","7","5689","10.298143000","0.0287","200327.83","1587277.23"
"1.1.2.3","41118","5.6.7.8","http","12","2482","7","586","5","1896","10.514776000","0.0034","1369158.88","4429906.54"
"1.1.2.3","41119","5.6.7.8","http","22","10475","12","916","10","9559","10.657555000","0.0041","1804037.42","18826193.99"
"1.1.2.3","41120","5.6.7.8","http","18","7758","10","784","8","6974","10.737681000","0.0040","1565651.52","13927109.34"
"1.1.2.3","tentacle","5.6.7.8","http","16","6655","9","718","7","5937","10.997463000","0.0038","1511181.27","12495659.04"
"1.1.2.3","41122","5.6.7.8","http","12","3106","7","586","5","2520","11.033589000","0.0034","1371562.32","5898186.07"
"1.1.2.3","41123","5.6.7.8","http","12","3456","7","586","5","2870","11.204977000","0.0035","1358053.30","6651216.69"
"1.1.2.3","41124","5.6.7.8","http","16","6073","9","718","7","5355","11.285450000","0.0039","1473954.32","10993071.59"
"1.1.2.3","41125","5.6.7.8","http","14","4801","8","652","6","4149","11.640960000","0.0036","1445275.70","9197007.48"
"1.1.2.3","41126","5.6.7.8","http","10","2054","6","520","4","1534","12.324678000","0.0036","1162335.85","3428890.75"
"1.1.2.3","41127","5.6.7.8","http","20","9095","11","850","9","8245","12.579523000","0.0041","1670761.67","16206388.21"
"1.1.2.3","41128","5.6.7.8","http","12","3396","7","586","5","2810","12.664643000","0.0033","1415031.69","6785390.88"
"1.1.2.3","41129","5.6.7.8","http","12","3251","7","586","5","2665","12.964275000","0.0033","1401913.88","6375598.09"
"1.1.2.3","41130","5.6.7.8","http","12","3629","7","586","5","3043","13.087649000","0.0034","1371161.16","7120210.59"
"1.1.2.3","41131","5.6.7.8","http","16","5573","9","718","7","4855","13.564051000","0.0039","1457128.36","9852866.57"
"1.1.2.3","41132","5.6.7.8","http","14","4496","8","652","6","3844","13.867083000","0.0047","1108843.54","6537414.97"
"1.1.2.3","41133","5.6.7.8","http","10","2106","6","520","4","1586","13.873662000","0.0036","1161362.37","3542155.22"
"1.1.2.3","41134","5.6.7.8","http","20","9328","11","850","9","8478","13.880862000","0.0040","1694070.75","16896860.99"
"1.1.2.3","41135","5.6.7.8","http","22","11171","12","916","10","10255","13.947867000","0.0040","1831542.11","20504873.78"
"1.1.2.3","41136","5.6.7.8","http","14","4363","8","652","6","3711","14.102270000","0.0035","1491137.79","8487135.51"
"1.1.2.3","41137","5.6.7.8","http","12","3734","7","586","5","3148","14.300593000","0.0037","1283680.18","6895947.43"
"1.1.2.3","41138","5.6.7.8","http","14","3956","8","652","6","3304","15.005861000","0.0035","1495412.84","7577981.65"
"1.1.2.3","41139","5.6.7.8","http","16","5803","9","718","7","5085","15.159873000","0.0036","1584988.96","11225165.56"
"1.1.2.3","41140","5.6.7.8","http","20","9370","11","850","9","8520","15.307158000","0.0170","400164.77","4011063.38"
"1.1.2.3","41141","5.6.7.8","http","18","7973","10","784","8","7189","15.329476000","0.0038","1652265.54","15150684.93"
"1.1.2.3","41142","5.6.7.8","http","16","6849","9","718","7","6131","16.185846000","0.0039","1479649.67","12634724.37"
"1.1.2.3","41143","5.6.7.8","http","12","2410","7","586","5","1824","16.274966000","0.0035","1332196.65","4146632.57"
"1.1.2.3","41144","5.6.7.8","http","16","5678","9","718","7","4960","16.335042000","0.0037","1534188.03","10598290.60"
"1.1.2.3","41145","5.6.7.8","http","12","3056","7","586","5","2470","16.420731000","0.0034","1391923.99","5866983.37"
"1.1.2.3","41146","5.6.7.8","http","18","7434","10","784","8","6650","16.472987000","0.0039","1597961.78","13554140.13"
"1.1.2.3","41147","5.6.7.8","http","22","11655","12","916","10","10739","16.670666000","0.0041","1798282.21","21082699.39"
"1.1.2.3","41148","5.6.7.8","http","16","5565","9","718","7","4847","16.974737000","0.0037","1548665.41","10454569.96"
"1.1.2.3","41149","5.6.7.8","http","22","11336","12","916","10","10420","17.277457000","0.0042","1725453.26","19627972.69"
"1.1.2.3","41150","5.6.7.8","http","20","9766","11","850","9","8916","17.476824000","0.0043","1597744.36","16759398.50"
"1.1.2.3","41151","5.6.7.8","http","14","4080","8","652","6","3428","17.507908000","0.0035","1501007.19","7891798.56"
"1.1.2.3","41152","5.6.7.8","http","20","9914","11","850","9","9064","17.549983000","0.0041","1667893.06","17785626.69"
"1.1.2.3","41153","5.6.7.8","http","18","8185","10","784","8","7401","17.718305000","0.0040","1574692.44","14865177.00"
"1.1.2.3","41154","5.6.7.8","http","12","3641","7","586","5","3055","17.870164000","0.0035","1347513.65","7025007.19"
"1.1.2.3","41155","5.6.7.8","http","16","6089","9","718","7","5371","18.125665000","0.0038","1526847.42","11421584.26"
"1.1.2.3","41156","5.6.7.8","http","18","7404","10","784","8","6620","18.323328000","0.0040","1577464.79","13319919.52"
"1.1.2.3","41157","5.6.7.8","http","10","2115","6","520","4","1595","18.607908000","0.0034","1228951.26","3769571.64"
"1.1.2.3","41158","5.6.7.8","http","22","11392","12","916","10","10476","18.691868000","0.0039","1885743.70","21566649.51"
"1.1.2.3","41159","5.6.7.8","http","12","2499","7","586","5","1913","18.715802000","0.0032","1458164.85","4760186.63"
"1.1.2.3","41160","5.6.7.8","http","20","9078","11","850","9","8228","18.778661000","0.0040","1719777.44","16647445.62"
"1.1.2.3","41161","5.6.7.8","http","24","11890","13","982","11","10908","18.827228000","0.0040","1985342.43","22053070.51"
"1.1.2.3","41162","5.6.7.8","http","20","9259","11","850","9","8409","19.275054000","0.0042","1637370.58","16198410.79"
"1.1.2.3","41163","5.6.7.8","http","20","9844","11","850","9","8994","19.287894000","0.0040","1702980.22","18019534.18"
"1.1.2.3","41164","5.6.7.8","http","10","2177","6","520","4","1657","19.628095000","0.0033","1245508.98","3968862.28"
"1.1.2.3","41165","5.6.7.8","http","12","3634","7","586","5","3048","19.845518000","0.0034","1373571.64","7144447.70"
"1.1.2.3","41166","5.6.7.8","http","12","3753","7","586","5","3167","20.622784000","0.0037","1272875.37","6879174.59"
"1.1.2.3","41167","5.6.7.8","http","18","7473","10","784","8","6689","20.929030000","0.0038","1633758.79","13939046.63"
"1.1.2.3","41168","5.6.7.8","http","18","7857","10","784","8","7073","21.298141000","0.0041","1519379.84","13707364.34"
"1.1.2.3","41169","5.6.7.8","http","20","9907","11","850","9","9057","21.432860000","0.0040","1683168.32","17934653.47"
"1.1.2.3","41170","5.6.7.8","http","12","2833","7","586","5","2247","21.596172000","0.0033","1414177.98","5422624.43"
"1.1.2.3","41171","5.6.7.8","http","18","7603","10","784","8","6819","21.645721000","0.0039","1614830.07","14045314.11"
"1.1.2.3","41172","5.6.7.8","http","16","6799","9","718","7","6081","21.816958000","0.0038","1504452.59","12741749.61"
"1.1.2.3","41173","5.6.7.8","http","16","6291","9","718","7","5573","22.054496000","0.0038","1513969.43","11751186.08"
"1.1.2.3","41174","5.6.7.8","http","20","9109","11","850","9","8259","22.118949000","0.0041","1644895.98","15982583.45"
"1.1.2.3","41175","5.6.7.8","http","12","3676","7","586","5","3090","22.427306000","0.0037","1274259.31","6719217.18"
"1.1.2.3","41176","5.6.7.8","http","20","9051","11","850","9","8201","22.603818000","0.0041","1666666.67","16080392.16"
"1.1.2.3","41177","5.6.7.8","http","14","4508","8","652","6","3856","22.655553000","0.0035","1486039.89","8788603.99"
"1.1.2.3","41178","5.6.7.8","http","22","11075","12","916","10","10159","23.228871000","0.0041","1805815.67","20027599.80"
"1.1.2.3","41179","5.6.7.8","http","12","2506","7","586","5","1920","23.672914000","0.0035","1340961.10","4393592.68"
"1.1.2.3","41180","5.6.7.8","http","16","5884","9","718","7","5166","23.746222000","0.0037","1545332.26","11118644.07"
"1.1.2.3","41181","5.6.7.8","http","12","3773","7","586","5","3187","24.373877000","0.0036","1304396.22","7094045.63"
"1.1.2.3","41182","5.6.7.8","http","10","2164","6","520","4","1644","24.431909000","0.0033","1254145.31","3965028.64"
"1.1.2.3","41183","5.6.7.8","http","12","3194","7","586","5","2608","24.774074000","0.0034","1360023.21","6052799.54"
"1.1.2.3","41184","5.6.7.8","http","20","9001","11","850","9","8151","24.922702000","0.0040","1711552.98","16412786.31"
"1.1.2.3","41185","5.6.7.8","http","14","4873","8","652","6","4221","25.064631000","0.0035","1504904.79","9742642.82"
"1.1.2.3","41186","5.6.7.8","http","18","7735","10","784","8","6951","25.095897000","0.0038","1650960.78","14637536.19"
"1.1.2.3","41187","5.6.7.8","http","14","5334","8","652","6","4682","25.194183000","0.0036","1467229.25","10536146.27"
"1.1.2.3","41188","5.6.7.8","http","14","5279","8","652","6","4627","25.302228000","0.0038","1378435.52","9782241.01"
"1.1.2.3","41189","5.6.7.8","http","18","8025","10","784","8","7241","25.481740000","0.0039","1596334.95","14743700.69"
"1.1.2.3","41190","5.6.7.8","http","12","2897","7","586","5","2311","25.683123000","0.0256","183218.04","722554.42"
"1.1.2.3","41191","5.6.7.8","http","22","11522","12","916","10","10606","26.148124000","0.0040","1850037.87","21420853.32"
"1.1.2.3","41192","5.6.7.8","http","14","4360","8","652","6","3708","26.343571000","0.0037","1410110.84","8019464.72"
"1.1.2.3","41193","5.6.7.8","http","20","9614","11","850","9","8764","26.489952000","0.0040","1709831.53","17629368.87"
"1.1.2.3","41194","5.6.7.8","http","22","10851","12","916","10","9935","26.698617000","0.0040","1821526.22","19756400.70"
"1.1.2.3","41195","5.6.7.8","http","20","10019","11","850","9","9169","26.833349000","0.0040","1711983.89","18467270.90"
"1.1.2.3","41196","5.6.7.8","http","18","8354","10","784","8","7570","26.993668000","0.0039","1590667.00","15358863.81"
"1.1.2.3","41197","5.6.7.8","http","12","2410","7","586","5","1824","27.402581000","0.0035","1333333.33","4150170.65"
"1.1.2.3","41198","5.6.7.8","http","22","11111","12","916","10","10195","27.431869000","0.0041","1796078.43","19990196.08"
"1.1.2.3","41199","5.6.7.8","http","22","11350","12","916","10","10434","27.804122000","0.0041","1799607.07","20499017.68"
"1.1.2.3","41200","5.6.7.8","http","22","10525","12","916","10","9609","28.477053000","0.0042","1746009.05","18315939.96"
"1.1.2.3","41201","5.6.7.8","http","12","3655","7","586","5","3069","28.778042000","0.0035","1351008.65","7075504.32"
"1.1.2.3","41202","5.6.7.8","http","16","6894","9","718","7","6176","29.370479000","0.0041","1395190.67","12000971.58"
"1.1.2.3","41203","5.6.7.8","http","18","8343","10","784","8","7559","29.389420000","0.0040","1550173.01","14946119.62"
"1.1.2.3","41204","5.6.7.8","http","20","8753","11","850","9","7903","29.542588000","0.0041","1646489.10","15308474.58"
"1.1.2.3","41205","5.6.7.8","http","18","7640","10","784","8","6856","29.672507000","0.0040","1568000.00","13712000.00"
"1.1.2.3","41206","5.6.7.8","http","16","6232","9","718","7","5514","29.778131000","0.0037","1571975.92","12072249.59"
"1.1.2.3","41207","5.6.7.8","http","14","4930","8","652","6","4278","30.017696000","0.0036","1468468.47","9635135.14"
"1.1.2.3","41208","5.6.7.8","http","20","9578","11","850","9","8728","30.145526000","0.0040","1694915.25","17403788.63"
"1.1.2.3","41209","5.6.7.8","http","12","3575","7","586","5","2989","30.194740000","0.0034","1370760.23","6991812.87"
"1.1.2.3","41210","5.6.7.8","http","18","7528","10","784","8","6744","30.214433000","0.0038","1653572.37","14224097.02"
"1.1.2.3","41211","5.6.7.8","http","18","7922","10","784","8","7138","30.568706000","0.0041","1531623.93","13944810.74"
"1.1.2.3","41212","5.6.7.8","http","16","6506","9","718","7","5788","30.867010000","0.0040","1451971.69","11704752.28"
"1.1.2.3","42320","5.6.7.8","http","2","114","1","54","1","60","30.900401000","0.0000","N/A","N/A"
"1.1.2.3","55569","5.6.7.8","http","2","114","1","54","1","60","31.114403000","0.0000","N/A","N/A"
"1.1.2.3","41213","5.6.7.8","http","3","222","3","222","0","0","31.561024000","8.9978","197.38","N/A"
"1.1.2.3","41214","5.6.7.8","http","3","222","3","222","0","0","31.928660000","8.9982","197.37","N/A"
"1.1.2.3","41215","5.6.7.8","http","3","222","3","222","0","0","31.966871000","8.9960","197.42","N/A"
"1.1.2.3","41216","5.6.7.8","http","3","222","3","222","0","0","32.078277000","8.9966","197.41","N/A"
"1.1.2.3","41217","5.6.7.8","http","3","222","3","222","0","0","32.581762000","8.9971","197.40","N/A"
"1.1.2.3","41218","5.6.7.8","http","3","222","3","222","0","0","32.601245000","8.9991","197.35","N/A"
"1.1.2.3","41219","5.6.7.8","http","3","222","3","222","0","0","32.702089000","8.9968","197.40","N/A"
"1.1.2.3","41220","5.6.7.8","http","3","222","3","222","0","0","32.731781000","8.9951","197.44","N/A"
"1.1.2.3","41221","5.6.7.8","http","3","222","3","222","0","0","32.946150000","8.9967","197.41","N/A"
"1.1.2.3","41222","5.6.7.8","http","3","222","3","222","0","0","33.113318000","8.9975","197.39","N/A"
"1.1.2.3","41223","5.6.7.8","http","3","222","3","222","0","0","33.145152000","8.9977","197.38","N/A"
"1.1.2.3","41224","5.6.7.8","http","3","222","3","222","0","0","33.409183000","8.9992","197.35","N/A"
"1.1.2.3","41225","5.6.7.8","http","3","222","3","222","0","0","34.122855000","8.9960","197.42","N/A"
"1.1.2.3","41226","5.6.7.8","http","3","222","3","222","0","0","34.467731000","8.9951","197.44","N/A"
"1.1.2.3","41227","5.6.7.8","http","3","222","3","222","0","0","34.788985000","8.9979","197.38","N/A"
"1.1.2.3","41228","5.6.7.8","http","3","222","3","222","0","0","34.823794000","8.9950","197.44","N/A"
"1.1.2.3","41229","5.6.7.8","http","3","222","3","222","0","0","35.250115000","8.9968","197.40","N/A"
"1.1.2.3","41230","5.6.7.8","http","3","222","3","222","0","0","35.357653000","8.9972","197.39","N/A"
"1.1.2.3","41231","5.6.7.8","http","3","222","3","222","0","0","35.365016000","8.9978","197.38","N/A"
"1.1.2.3","41232","5.6.7.8","http","3","222","3","222","0","0","35.832451000","8.9999","197.34","N/A"
"1.1.2.3","41233","5.6.7.8","http","3","222","3","222","0","0","35.935948000","8.9989","197.36","N/A"
"1.1.2.3","41234","5.6.7.8","http","3","222","3","222","0","0","36.149674000","8.9972","197.40","N/A"
"1.1.2.3","41235","5.6.7.8","http","3","222","3","222","0","0","36.688314000","8.9985","197.37","N/A"
"1.1.2.3","41236","5.6.7.8","http","3","222","3","222","0","0","37.199407000","8.9954","197.43","N/A"
"1.1.2.3","41237","5.6.7.8","http","3","222","3","222","0","0","37.371192000","8.9957","197.43","N/A"
"1.1.2.3","41238","5.6.7.8","http","3","222","3","222","0","0","37.502123000","8.9967","197.41","N/A"
"1.1.2.3","41239","5.6.7.8","http","3","222","3","222","0","0","37.695892000","8.9990","197.36","N/A"
"1.1.2.3","41240","5.6.7.8","http","3","222","3","222","0","0","37.767108000","8.9957","197.43","N/A"
"1.1.2.3","41241","5.6.7.8","http","3","222","3","222","0","0","38.276168000","9.0002","197.33","N/A"
"1.1.2.3","41242","5.6.7.8","http","3","222","3","222","0","0","38.538459000","8.9979","197.38","N/A"
"1.1.2.3","41243","5.6.7.8","http","3","222","3","222","0","0","38.742275000","8.9966","197.41","N/A"
"1.1.2.3","41244","5.6.7.8","http","3","222","3","222","0","0","38.832444000","8.9984","197.37","N/A"
"1.1.2.3","41245","5.6.7.8","http","3","222","3","222","0","0","39.535065000","8.9958","197.43","N/A"
"1.1.2.3","41246","5.6.7.8","http","3","222","3","222","0","0","39.590860000","8.9960","197.42","N/A"
"1.1.2.3","41247","5.6.7.8","http","3","222","3","222","0","0","39.722814000","8.9960","197.42","N/A"
"1.1.2.3","41248","5.6.7.8","http","3","222","3","222","0","0","40.085722000","8.9971","197.40","N/A"
"1.1.2.3","41249","5.6.7.8","http","3","222","3","222","0","0","40.214264000","8.9966","197.41","N/A"
"1.1.2.3","41250","5.6.7.8","http","3","222","3","222","0","0","40.471608000","8.9952","197.44","N/A"
"1.1.2.3","41251","5.6.7.8","http","3","222","3","222","0","0","40.492832000","8.9980","197.38","N/A"
"1.1.2.3","41252","5.6.7.8","http","3","222","3","222","0","0","40.654465000","8.9964","197.41","N/A"
"1.1.2.3","41253","5.6.7.8","http","3","222","3","222","0","0","40.789257000","8.9976","197.39","N/A"
"1.1.2.3","41254","5.6.7.8","http","3","222","3","222","0","0","40.884640000","8.9982","197.37","N/A"
"1.1.2.3","41255","5.6.7.8","http","3","222","3","222","0","0","41.032464000","8.9984","197.37","N/A"
"1.1.2.3","41256","5.6.7.8","http","3","222","3","222","0","0","41.380604000","8.9997","197.34","N/A"
"1.1.2.3","41257","5.6.7.8","http","3","222","3","222","0","0","41.440156000","8.9987","197.36","N/A"
"1.1.2.3","41258","5.6.7.8","http","3","222","3","222","0","0","41.446611000","8.9977","197.38","N/A"
"1.1.2.3","41259","5.6.7.8","http","3","222","3","222","0","0","41.593561000","8.9988","197.36","N/A"
"1.1.2.3","41260","5.6.7.8","http","3","222","3","222","0","0","41.801575000","8.9988","197.36","N/A"
"1.1.2.3","41261","5.6.7.8","http","3","222","3","222","0","0","42.257455000","8.9989","197.36","N/A"
"1.1.2.3","41262","5.6.7.8","http","3","222","3","222","0","0","42.410041000","8.9968","197.40","N/A"
"1.1.2.3","41263","5.6.7.8","http","3","222","3","222","0","0","42.631280000","8.9956","197.43","N/A"
"1.1.2.3","41264","5.6.7.8","http","3","222","3","222","0","0","42.808750000","8.9981","197.38","N/A"
"1.1.2.3","41265","5.6.7.8","http","3","222","3","222","0","0","43.247969000","9.0003","197.33","N/A"
"1.1.2.3","41266","5.6.7.8","http","3","222","3","222","0","0","43.369885000","8.9985","197.37","N/A"
"1.1.2.3","41267","5.6.7.8","http","3","222","3","222","0","0","43.553567000","8.9973","197.39","N/A"
"1.1.2.3","41268","5.6.7.8","http","3","222","3","222","0","0","43.725659000","8.9972","197.40","N/A"
"1.1.2.3","41269","5.6.7.8","http","3","222","3","222","0","0","43.857569000","8.9973","197.39","N/A"
"1.1.2.3","41270","5.6.7.8","http","3","222","3","222","0","0","43.963856000","9.0005","197.32","N/A"
"1.1.2.3","41271","5.6.7.8","http","3","222","3","222","0","0","44.088153000","9.0002","197.33","N/A"
"1.1.2.3","41272","5.6.7.8","http","3","222","3","222","0","0","44.550631000","8.9962","197.42","N/A"
"1.1.2.3","41273","5.6.7.8","http","3","222","3","222","0","0","44.810809000","8.9975","197.39","N/A"
"1.1.2.3","41274","5.6.7.8","http","3","222","3","222","0","0","44.892463000","8.9999","197.34","N/A"
"1.1.2.3","41275","5.6.7.8","http","3","222","3","222","0","0","45.266010000","8.9983","197.37","N/A"
"1.1.2.3","41276","5.6.7.8","http","3","222","3","222","0","0","45.456250000","9.0001","197.33","N/A"
"1.1.2.3","41277","5.6.7.8","http","3","222","3","222","0","0","45.783528000","8.9953","197.44","N/A"
"1.1.2.3","41278","5.6.7.8","http","3","222","3","222","0","0","45.916442000","8.9984","197.37","N/A"
"1.1.2.3","41279","5.6.7.8","http","3","222","3","222","0","0","46.824567000","8.9998","197.34","N/A"
"1.1.2.3","41280","5.6.7.8","http","3","222","3","222","0","0","47.271710000","8.9966","197.41","N/A"
"1.1.2.3","41281","5.6.7.8","http","3","222","3","222","0","0","47.368729000","8.9996","197.34","N/A"
"1.1.2.3","41282","5.6.7.8","http","3","222","3","222","0","0","47.508948000","8.9979","197.38","N/A"
"1.1.2.3","41283","5.6.7.8","http","3","222","3","222","0","0","47.517848000","8.9970","197.40","N/A"
"1.1.2.3","41284","5.6.7.8","http","3","222","3","222","0","0","47.584152000","9.0002","197.33","N/A"
"1.1.2.3","41285","5.6.7.8","http","3","222","3","222","0","0","48.106811000","8.9975","197.39","N/A"
"1.1.2.3","41286","5.6.7.8","http","3","222","3","222","0","0","48.132564000","8.9983","197.37","N/A"
"1.1.2.3","41287","5.6.7.8","http","3","222","3","222","0","0","48.373504000","8.9973","197.39","N/A"
"1.1.2.3","41288","5.6.7.8","http","3","222","3","222","0","0","48.442985000","8.9974","197.39","N/A"
"1.1.2.3","41289","5.6.7.8","http","3","222","3","222","0","0","48.473757000","8.9971","197.40","N/A"
"1.1.2.3","41290","5.6.7.8","http","3","222","3","222","0","0","48.598113000","8.9967","197.40","N/A"
"1.1.2.3","41291","5.6.7.8","http","3","222","3","222","0","0","48.907979000","8.9989","197.36","N/A"
"1.1.2.3","41292","5.6.7.8","http","3","222","3","222","0","0","49.503976000","9.0004","197.33","N/A"
"1.1.2.3","41293","5.6.7.8","http","3","222","3","222","0","0","49.575540000","8.9968","197.40","N/A"
"1.1.2.3","41294","5.6.7.8","http","3","222","3","222","0","0","49.906680000","8.9977","197.38","N/A"
"1.1.2.3","41295","5.6.7.8","http","3","222","3","222","0","0","50.200623000","8.9982","197.37","N/A"
"1.1.2.3","41296","5.6.7.8","http","3","222","3","222","0","0","50.321686000","8.9987","197.36","N/A"
"1.1.2.3","41297","5.6.7.8","http","3","222","3","222","0","0","50.354225000","8.9981","197.37","N/A"
"1.1.2.3","41298","5.6.7.8","http","3","222","3","222","0","0","50.567558000","9.0008","197.32","N/A"
"1.1.2.3","41299","5.6.7.8","http","3","222","3","222","0","0","50.586473000","8.9979","197.38","N/A"
"1.1.2.3","41300","5.6.7.8","http","3","222","3","222","0","0","50.746349000","8.9980","197.38","N/A"
"1.1.2.3","41301","5.6.7.8","http","3","222","3","222","0","0","50.781840000","8.9985","197.37","N/A"
"1.1.2.3","41302","5.6.7.8","http","3","222","3","222","0","0","50.861775000","8.9986","197.36","N/A"
"1.1.2.3","41303","5.6.7.8","http","3","222","3","222","0","0","51.022160000","8.9967","197.41","N/A"
"1.1.2.3","41304","5.6.7.8","http","3","222","3","222","0","0","51.710431000","8.9964","197.41","N/A"
"1.1.2.3","41305","5.6.7.8","http","3","222","3","222","0","0","51.875331000","8.9955","197.43","N/A"
"1.1.2.3","41306","5.6.7.8","http","3","222","3","222","0","0","52.081595000","8.9973","197.39","N/A"
"1.1.2.3","41307","5.6.7.8","http","3","222","3","222","0","0","52.186878000","8.9960","197.42","N/A"
"1.1.2.3","41308","5.6.7.8","http","3","222","3","222","0","0","52.252847000","8.9990","197.35","N/A"
"1.1.2.3","41309","5.6.7.8","http","16","5724","9","718","7","5006","52.284237000","0.0039","1460834.18","10185147.51"
"1.1.2.3","41310","5.6.7.8","http","3","222","3","222","0","0","52.652163000","8.9947","197.45","N/A"
"1.1.2.3","41311","5.6.7.8","http","3","222","3","222","0","0","52.778168000","8.9967","197.41","N/A"
"1.1.2.3","41312","5.6.7.8","http","3","222","3","222","0","0","53.357323000","8.9990","197.35","N/A"
"1.1.2.3","41313","5.6.7.8","http","3","222","3","222","0","0","53.581066000","8.9978","197.38","N/A"
"1.1.2.3","41314","5.6.7.8","http","3","222","3","222","0","0","53.696508000","8.9998","197.34","N/A"
"1.1.2.3","41315","5.6.7.8","http","3","222","3","222","0","0","53.707004000","8.9973","197.39","N/A"
"1.1.2.3","41316","5.6.7.8","http","3","222","3","222","0","0","53.745183000","8.9977","197.38","N/A"
"1.1.2.3","41317","5.6.7.8","http","3","222","3","222","0","0","53.788777000","8.9981","197.38","N/A"
"1.1.2.3","41318","5.6.7.8","http","3","222","3","222","0","0","53.862628000","8.9977","197.38","N/A"
"1.1.2.3","41319","5.6.7.8","http","3","222","3","222","0","0","53.945587000","8.9973","197.39","N/A"
"1.1.2.3","41320","5.6.7.8","http","3","222","3","222","0","0","54.201614000","8.9987","197.36","N/A"
"1.1.2.3","41321","5.6.7.8","http","3","222","3","222","0","0","54.365470000","8.9974","197.39","N/A"
"1.1.2.3","41322","5.6.7.8","http","3","222","3","222","0","0","54.510815000","8.9960","197.42","N/A"
"1.1.2.3","41323","5.6.7.8","http","3","222","3","222","0","0","54.527891000","8.9990","197.36","N/A"
"1.1.2.3","41324","5.6.7.8","http","3","222","3","222","0","0","54.621558000","8.9973","197.39","N/A"
"1.1.2.3","41325","5.6.7.8","http","3","222","3","222","0","0","55.140130000","8.9962","197.42","N/A"
"1.1.2.3","41326","5.6.7.8","http","3","222","3","222","0","0","55.591023000","8.9973","197.39","N/A"
"1.1.2.3","41327","5.6.7.8","http","3","222","3","222","0","0","55.741220000","8.9991","197.35","N/A"
"1.1.2.3","41328","5.6.7.8","http","3","222","3","222","0","0","55.850265000","8.9966","197.41","N/A"
"1.1.2.3","41329","5.6.7.8","http","3","222","3","222","0","0","55.869982000","8.9984","197.37","N/A"
"1.1.2.3","41330","5.6.7.8","http","3","222","3","222","0","0","56.058877000","8.9960","197.42","N/A"
"1.1.2.3","41331","5.6.7.8","http","3","222","3","222","0","0","56.349729000","8.9971","197.40","N/A"
"1.1.2.3","41332","5.6.7.8","http","3","222","3","222","0","0","57.058195000","8.9967","197.41","N/A"
"1.1.2.3","41333","5.6.7.8","http","3","222","3","222","0","0","57.086626000","8.9962","197.42","N/A"
"1.1.2.3","41334","5.6.7.8","http","3","222","3","222","0","0","57.208215000","8.9946","197.45","N/A"
"1.1.2.3","41335","5.6.7.8","http","3","222","3","222","0","0","57.436513000","8.9998","197.34","N/A"
"1.1.2.3","41336","5.6.7.8","http","3","222","3","222","0","0","57.936259000","9.0001","197.33","N/A"
"1.1.2.3","41337","5.6.7.8","http","3","222","3","222","0","0","57.969435000","8.9989","197.36","N/A"
"1.1.2.3","41338","5.6.7.8","http","3","222","3","222","0","0","58.071918000","8.9989","197.36","N/A"
"1.1.2.3","41339","5.6.7.8","http","3","222","3","222","0","0","58.185219000","8.9991","197.35","N/A"
"1.1.2.3","41340","5.6.7.8","http","3","222","3","222","0","0","58.795515000","8.9968","197.40","N/A"
"1.1.2.3","41341","5.6.7.8","http","3","222","3","222","0","0","58.893138000","8.9992","197.35","N/A"
"1.1.2.3","41342","5.6.7.8","http","3","222","3","222","0","0","59.237259000","8.9991","197.35","N/A"
"1.1.2.3","41343","5.6.7.8","http","3","222","3","222","0","0","59.772769000","8.9981","197.38","N/A"
"1.1.2.3","41344","5.6.7.8","http","3","222","3","222","0","0","60.128686000","8.9997","197.34","N/A"
"1.1.2.3","41345","5.6.7.8","http","3","222","3","222","0","0","60.176628000","8.9997","197.34","N/A"
"1.1.2.3","41346","5.6.7.8","http","3","222","3","222","0","0","60.195833000","9.0005","197.32","N/A"
"1.1.2.3","41347","5.6.7.8","http","3","222","3","222","0","0","60.338931000","8.9959","197.42","N/A"
"1.1.2.3","41348","5.6.7.8","http","3","222","3","222","0","0","60.465920000","8.9984","197.37","N/A"
"1.1.2.3","41349","5.6.7.8","http","3","222","3","222","0","0","61.023165000","8.9957","197.43","N/A"
"1.1.2.3","41350","5.6.7.8","http","3","222","3","222","0","0","61.153535000","8.9973","197.39","N/A"
"1.1.2.3","41351","5.6.7.8","http","3","222","3","222","0","0","61.190616000","8.9962","197.42","N/A"
"1.1.2.3","41352","5.6.7.8","http","3","222","3","222","0","0","61.204848000","8.9980","197.38","N/A"
"1.1.2.3","41353","5.6.7.8","http","3","222","3","222","0","0","61.556754000","8.9996","197.34","N/A"
"1.1.2.3","41354","5.6.7.8","http","3","222","3","222","0","0","61.601819000","8.9985","197.37","N/A"
"1.1.2.3","41355","5.6.7.8","http","3","222","3","222","0","0","61.985503000","8.9988","197.36","N/A"
"1.1.2.3","41356","5.6.7.8","http","3","222","3","222","0","0","62.030395000","8.9964","197.41","N/A"
"1.1.2.3","41357","5.6.7.8","http","3","222","3","222","0","0","62.248279000","9.0001","197.33","N/A"
"1.1.2.3","41358","5.6.7.8","http","3","222","3","222","0","0","62.295805000","8.9990","197.35","N/A"
"1.1.2.3","41359","5.6.7.8","http","3","222","3","222","0","0","62.536740000","8.9981","197.37","N/A"
"1.1.2.3","41360","5.6.7.8","http","3","222","3","222","0","0","62.552716000","8.9981","197.37","N/A"
"1.1.2.3","41361","5.6.7.8","http","3","222","3","222","0","0","62.685300000","8.9975","197.39","N/A"
"1.1.2.3","41362","5.6.7.8","http","3","222","3","222","0","0","62.716927000","8.9979","197.38","N/A"
"1.1.2.3","41363","5.6.7.8","http","3","222","3","222","0","0","62.857735000","8.9986","197.36","N/A"
"1.1.2.3","41364","5.6.7.8","http","3","222","3","222","0","0","62.873727000","8.9986","197.36","N/A"
"1.1.2.3","41365","5.6.7.8","http","3","222","3","222","0","0","63.077317000","8.9990","197.35","N/A"
"1.1.2.3","41366","5.6.7.8","http","3","222","3","222","0","0","63.322344000","8.9980","197.38","N/A"
"1.1.2.3","41367","5.6.7.8","http","3","222","3","222","0","0","63.590376000","8.9965","197.41","N/A"
"1.1.2.3","41368","5.6.7.8","http","3","222","3","222","0","0","63.644054000","8.9948","197.45","N/A"
"1.1.2.3","41369","5.6.7.8","http","3","222","3","222","0","0","63.694863000","8.9960","197.42","N/A"
"1.1.2.3","41370","5.6.7.8","http","3","222","3","222","0","0","63.765593000","8.9987","197.36","N/A"
"1.1.2.3","41371","5.6.7.8","http","3","222","3","222","0","0","64.128870000","8.9995","197.34","N/A"
"1.1.2.3","41372","5.6.7.8","http","3","222","3","222","0","0","64.195170000","8.9972","197.40","N/A"
"1.1.2.3","41373","5.6.7.8","http","3","222","3","222","0","0","64.393260000","8.9976","197.39","N/A"
"1.1.2.3","41374","5.6.7.8","http","3","222","3","222","0","0","64.400185000","8.9962","197.42","N/A"
"1.1.2.3","41375","5.6.7.8","http","3","222","3","222","0","0","64.607071000","8.9958","197.43","N/A"
"1.1.2.3","41376","5.6.7.8","http","3","222","3","222","0","0","64.871645000","8.9967","197.41","N/A"
"1.1.2.3","41377","5.6.7.8","http","3","222","3","222","0","0","65.060842000","8.9980","197.38","N/A"
"1.1.2.3","41378","5.6.7.8","http","3","222","3","222","0","0","65.531128000","8.9957","197.43","N/A"
"1.1.2.3","41379","5.6.7.8","http","3","222","3","222","0","0","65.755999000","9.0003","197.33","N/A"
"1.1.2.3","41380","5.6.7.8","http","3","222","3","222","0","0","65.817787000","8.9986","197.36","N/A"
"1.1.2.3","41381","5.6.7.8","http","3","222","3","222","0","0","66.155170000","8.9972","197.40","N/A"
"1.1.2.3","41382","5.6.7.8","http","3","222","3","222","0","0","66.358135000","8.9967","197.41","N/A"
"1.1.2.3","41383","5.6.7.8","http","3","222","3","222","0","0","66.383328000","8.9970","197.40","N/A"
"1.1.2.3","41384","5.6.7.8","http","3","222","3","222","0","0","66.424720000","8.9996","197.34","N/A"
"1.1.2.3","41385","5.6.7.8","http","3","222","3","222","0","0","66.593867000","8.9985","197.37","N/A"
"1.1.2.3","41386","5.6.7.8","http","3","222","3","222","0","0","66.624151000","9.0002","197.33","N/A"
"1.1.2.3","41387","5.6.7.8","http","3","222","3","222","0","0","66.756459000","8.9999","197.34","N/A"
"1.1.2.3","41388","5.6.7.8","http","3","222","3","222","0","0","66.921776000","8.9986","197.36","N/A"
"1.1.2.3","41389","5.6.7.8","http","3","222","3","222","0","0","67.180767000","8.9996","197.34","N/A"
"1.1.2.3","41390","5.6.7.8","http","3","222","3","222","0","0","67.779372000","8.9970","197.40","N/A"
"1.1.2.3","41391","5.6.7.8","http","3","222","3","222","0","0","67.869144000","8.9992","197.35","N/A"
"1.1.2.3","41392","5.6.7.8","http","3","222","3","222","0","0","67.918344000","8.9980","197.38","N/A"
"1.1.2.3","41393","5.6.7.8","http","3","222","3","222","0","0","68.010062000","8.9968","197.40","N/A"
"1.1.2.3","41394","5.6.7.8","http","3","222","3","222","0","0","68.235201000","8.9956","197.43","N/A"
"1.1.2.3","41395","5.6.7.8","http","3","222","3","222","0","0","68.265827000","8.9985","197.37","N/A"
"1.1.2.3","41396","5.6.7.8","http","3","222","3","222","0","0","68.306551000","8.9963","197.41","N/A"
"1.1.2.3","41397","5.6.7.8","http","3","222","3","222","0","0","68.313398000","8.9974","197.39","N/A"
"1.1.2.3","41398","5.6.7.8","http","3","222","3","222","0","0","68.324575000","8.9983","197.37","N/A"
"1.1.2.3","41399","5.6.7.8","http","3","222","3","222","0","0","68.660936000","8.9994","197.35","N/A"
"1.1.2.3","41400","5.6.7.8","http","3","222","3","222","0","0","68.724688000","8.9982","197.37","N/A"
"1.1.2.3","41401","5.6.7.8","http","3","222","3","222","0","0","68.830372000","8.9965","197.41","N/A"
"1.1.2.3","41402","5.6.7.8","http","3","222","3","222","0","0","68.911410000","8.9954","197.43","N/A"
"1.1.2.3","41403","5.6.7.8","http","3","222","3","222","0","0","69.232105000","9.0002","197.33","N/A"
"1.1.2.3","41404","5.6.7.8","http","3","222","3","222","0","0","69.568954000","8.9979","197.38","N/A"
"1.1.2.3","41405","5.6.7.8","http","3","222","3","222","0","0","69.630673000","8.9962","197.42","N/A"
"1.1.2.3","41406","5.6.7.8","http","3","222","3","222","0","0","69.729748000","8.9971","197.40","N/A"
"1.1.2.3","41407","5.6.7.8","http","3","222","3","222","0","0","69.908384000","8.9985","197.37","N/A"
"1.1.2.3","41408","5.6.7.8","http","3","222","3","222","0","0","70.331804000","8.9950","197.44","N/A"
"1.1.2.3","41409","5.6.7.8","http","3","222","3","222","0","0","70.433949000","8.9969","197.40","N/A"
"1.1.2.3","41410","5.6.7.8","http","3","222","3","222","0","0","70.554855000","8.9975","197.39","N/A"
"1.1.2.3","41411","5.6.7.8","http","3","222","3","222","0","0","70.671312000","8.9955","197.43","N/A"
"1.1.2.3","41412","5.6.7.8","http","3","222","3","222","0","0","70.983123000","8.9957","197.43","N/A"
"1.1.2.3","41413","5.6.7.8","http","3","222","3","222","0","0","71.079272000","8.9971","197.40","N/A"
"1.1.2.3","41414","5.6.7.8","http","3","222","3","222","0","0","71.335024000","9.0003","197.33","N/A"
"1.1.2.3","41415","5.6.7.8","http","3","222","3","222","0","0","71.626120000","8.9967","197.41","N/A"
"1.1.2.3","41416","5.6.7.8","http","3","222","3","222","0","0","72.024184000","8.9947","197.45","N/A"
"1.1.2.3","41417","5.6.7.8","http","3","222","3","222","0","0","72.032759000","8.9981","197.38","N/A"
"1.1.2.3","41418","5.6.7.8","http","3","222","3","222","0","0","72.123198000","8.9971","197.40","N/A"
"1.1.2.3","41419","5.6.7.8","http","3","222","3","222","0","0","72.296634000","8.9997","197.34","N/A"
"1.1.2.3","41420","5.6.7.8","http","3","222","3","222","0","0","72.474529000","8.9978","197.38","N/A"
"1.1.2.3","41421","5.6.7.8","http","3","222","3","222","0","0","72.702069000","8.9968","197.40","N/A"
"1.1.2.3","41422","5.6.7.8","http","3","222","3","222","0","0","73.132731000","8.9981","197.37","N/A"
"1.1.2.3","41423","5.6.7.8","http","3","222","3","222","0","0","73.218382000","8.9980","197.38","N/A"
"1.1.2.3","41424","5.6.7.8","http","3","222","3","222","0","0","73.652706000","8.9997","197.34","N/A"
"1.1.2.3","41425","5.6.7.8","http","3","222","3","222","0","0","73.946312000","8.9965","197.41","N/A"
"1.1.2.3","41426","5.6.7.8","http","3","222","3","222","0","0","73.961514000","8.9973","197.39","N/A"
"1.1.2.3","41427","5.6.7.8","http","3","222","3","222","0","0","74.090348000","8.9980","197.38","N/A"
"1.1.2.3","41428","5.6.7.8","http","3","222","3","222","0","0","74.140218000","8.9986","197.36","N/A"
"1.1.2.3","41429","5.6.7.8","http","3","222","3","222","0","0","74.403421000","8.9954","197.43","N/A"
"1.1.2.3","41430","5.6.7.8","http","3","222","3","222","0","0","74.594476000","8.9979","197.38","N/A"
"1.1.2.3","41431","5.6.7.8","http","3","222","3","222","0","0","74.875129000","8.9972","197.39","N/A"
"1.1.2.3","41432","5.6.7.8","http","3","222","3","222","0","0","75.087633000","9.0007","197.32","N/A"
"1.1.2.3","41433","5.6.7.8","http","3","222","3","222","0","0","75.118920000","8.9974","197.39","N/A"
"1.1.2.3","41434","5.6.7.8","http","3","222","3","222","0","0","75.177491000","8.9989","197.36","N/A"
"1.1.2.3","41435","5.6.7.8","http","3","222","3","222","0","0","75.739030000","8.9973","197.39","N/A"
"1.1.2.3","41436","5.6.7.8","http","3","222","3","222","0","0","75.756893000","8.9994","197.35","N/A"
"1.1.2.3","41437","5.6.7.8","http","3","222","3","222","0","0","75.920088000","8.9988","197.36","N/A"
"1.1.2.3","41438","5.6.7.8","http","3","222","3","222","0","0","76.117728000","8.9971","197.40","N/A"
"1.1.2.3","41439","5.6.7.8","http","3","222","3","222","0","0","76.362402000","8.9965","197.41","N/A"
"1.1.2.3","41440","5.6.7.8","http","3","222","3","222","0","0","76.835961000","8.9949","197.45","N/A"
"1.1.2.3","41441","5.6.7.8","http","3","222","3","222","0","0","76.903683000","8.9967","197.41","N/A"
"1.1.2.3","41442","5.6.7.8","http","3","222","3","222","0","0","77.079034000","8.9973","197.39","N/A"
"1.1.2.3","41443","5.6.7.8","http","3","222","3","222","0","0","77.185647000","8.9972","197.39","N/A"
"1.1.2.3","41444","5.6.7.8","http","3","222","3","222","0","0","77.573225000","8.9991","197.35","N/A"
"1.1.2.3","41445","5.6.7.8","http","3","222","3","222","0","0","77.611897000","9.0004","197.32","N/A"
"1.1.2.3","41446","5.6.7.8","http","3","222","3","222","0","0","77.658635000","8.9962","197.42","N/A"
"1.1.2.3","41447","5.6.7.8","http","3","222","3","222","0","0","77.730602000","8.9962","197.42","N/A"
"1.1.2.3","41448","5.6.7.8","http","3","222","3","222","0","0","77.937674000","8.9972","197.40","N/A"
"1.1.2.3","41449","5.6.7.8","http","3","222","3","222","0","0","78.174677000","8.9977","197.38","N/A"
"1.1.2.3","41450","5.6.7.8","http","3","222","3","222","0","0","78.254396000","8.9980","197.38","N/A"
"1.1.2.3","41451","5.6.7.8","http","3","222","3","222","0","0","78.536997000","8.9978","197.38","N/A"
"1.1.2.3","41452","5.6.7.8","http","3","222","3","222","0","0","79.230975000","8.9974","197.39","N/A"
"1.1.2.3","41453","5.6.7.8","http","3","222","3","222","0","0","79.261678000","8.9987","197.36","N/A"
"1.1.2.3","41454","5.6.7.8","http","3","222","3","222","0","0","79.446058000","8.9968","197.40","N/A"
"1.1.2.3","41455","5.6.7.8","http","3","222","3","222","0","0","79.534596000","8.9962","197.42","N/A"
"1.1.2.3","41456","5.6.7.8","http","3","222","3","222","0","0","79.922513000","8.9978","197.38","N/A"
"1.1.2.3","41457","5.6.7.8","http","3","222","3","222","0","0","79.948135000","8.9962","197.42","N/A"
"1.1.2.3","41458","5.6.7.8","http","3","222","3","222","0","0","80.050752000","8.9976","197.39","N/A"
"1.1.2.3","41459","5.6.7.8","http","3","222","3","222","0","0","80.111121000","8.9972","197.39","N/A"
"1.1.2.3","41460","5.6.7.8","http","3","222","3","222","0","0","80.255626000","8.9967","197.40","N/A"
"1.1.2.3","41461","5.6.7.8","http","3","222","3","222","0","0","80.275172000","8.9972","197.40","N/A"
"1.1.2.3","41462","5.6.7.8","http","3","222","3","222","0","0","80.371653000","8.9967","197.41","N/A"
"1.1.2.3","41463","5.6.7.8","http","3","222","3","222","0","0","80.437841000","8.9985","197.37","N/A"
"1.1.2.3","41464","5.6.7.8","http","3","222","3","222","0","0","80.574194000","8.9967","197.41","N/A"
"1.1.2.3","41465","5.6.7.8","http","3","222","3","222","0","0","81.093177000","8.9992","197.35","N/A"
"1.1.2.3","41466","5.6.7.8","http","3","222","3","222","0","0","81.298349000","8.9980","197.38","N/A"
"1.1.2.3","41467","5.6.7.8","http","3","222","3","222","0","0","81.545689000","8.9972","197.40","N/A"
"1.1.2.3","41468","5.6.7.8","http","3","222","3","222","0","0","81.859163000","8.9957","197.43","N/A"
"1.1.2.3","41469","5.6.7.8","http","3","222","3","222","0","0","81.886718000","8.9961","197.42","N/A"
"1.1.2.3","41470","5.6.7.8","http","3","222","3","222","0","0","82.102809000","8.9960","197.42","N/A"
"1.1.2.3","41471","5.6.7.8","http","3","222","3","222","0","0","82.509480000","8.9989","197.36","N/A"
"1.1.2.3","41472","5.6.7.8","http","3","222","3","222","0","0","82.654699000","8.9961","197.42","N/A"
"1.1.2.3","41473","5.6.7.8","http","3","222","3","222","0","0","83.036518000","8.9998","197.34","N/A"
"1.1.2.3","41474","5.6.7.8","http","3","222","3","222","0","0","83.106873000","8.9975","197.39","N/A"
"1.1.2.3","41475","5.6.7.8","http","3","222","3","222","0","0","83.165370000","8.9990","197.36","N/A"
"1.1.2.3","41476","5.6.7.8","http","3","222","3","222","0","0","83.300965000","8.9994","197.35","N/A"
"1.1.2.3","41477","5.6.7.8","http","3","222","3","222","0","0","84.229724000","8.9971","197.40","N/A"
"1.1.2.3","41478","5.6.7.8","http","3","222","3","222","0","0","84.357685000","8.9987","197.36","N/A"
"1.1.2.3","41479","5.6.7.8","http","3","222","3","222","0","0","84.372533000","8.9998","197.34","N/A"
"1.1.2.3","41480","5.6.7.8","http","3","222","3","222","0","0","84.612049000","8.9948","197.45","N/A"
"1.1.2.3","41481","5.6.7.8","http","3","222","3","222","0","0","84.678848000","8.9960","197.42","N/A"
"1.1.2.3","41482","5.6.7.8","http","3","222","3","222","0","0","85.177140000","8.9992","197.35","N/A"
"1.1.2.3","41483","5.6.7.8","http","3","222","3","222","0","0","85.385783000","8.9971","197.40","N/A"
"1.1.2.3","41484","5.6.7.8","http","3","222","3","222","0","0","85.499613000","8.9967","197.40","N/A"
"1.1.2.3","41485","5.6.7.8","http","3","222","3","222","0","0","85.651809000","8.9950","197.44","N/A"
"1.1.2.3","41486","5.6.7.8","http","3","222","3","222","0","0","85.881370000","8.9975","197.39","N/A"
"1.1.2.3","41487","5.6.7.8","http","3","222","3","222","0","0","85.888712000","8.9981","197.37","N/A"
"1.1.2.3","41488","5.6.7.8","http","3","222","3","222","0","0","85.926388000","8.9965","197.41","N/A"
"1.1.2.3","41489","5.6.7.8","http","3","222","3","222","0","0","86.238033000","8.9983","197.37","N/A"
"1.1.2.3","41490","5.6.7.8","http","3","222","3","222","0","0","87.239969000","8.9964","197.41","N/A"
"1.1.2.3","41491","5.6.7.8","http","3","222","3","222","0","0","87.245735000","9.0011","197.31","N/A"
"1.1.2.3","41492","5.6.7.8","http","3","222","3","222","0","0","87.713278000","8.9976","197.39","N/A"
"1.1.2.3","41493","5.6.7.8","http","3","222","3","222","0","0","87.743228000","8.9971","197.40","N/A"
"1.1.2.3","41494","5.6.7.8","http","3","222","3","222","0","0","87.831005000","8.9973","197.39","N/A"
"1.1.2.3","41495","5.6.7.8","http","3","222","3","222","0","0","87.884644000","8.9982","197.37","N/A"
"1.1.2.3","41496","5.6.7.8","http","3","222","3","222","0","0","87.926037000","8.9983","197.37","N/A"
"1.1.2.3","41497","5.6.7.8","http","3","222","3","222","0","0","88.887765000","8.9951","197.44","N/A"
"1.1.2.3","41498","5.6.7.8","http","3","222","3","222","0","0","89.312873000","8.9995","197.34","N/A"
"1.1.2.3","41499","5.6.7.8","http","3","222","3","222","0","0","89.338314000","8.9965","197.41","N/A"
"1.1.2.3","41500","5.6.7.8","http","3","222","3","222","0","0","89.437965000","8.9969","197.40","N/A"
"1.1.2.3","41501","5.6.7.8","http","3","222","3","222","0","0","89.597033000","8.9993","197.35","N/A"
"1.1.2.3","41502","5.6.7.8","http","3","222","3","222","0","0","89.849156000","8.9977","197.38","N/A"
"1.1.2.3","41503","5.6.7.8","http","3","222","3","222","0","0","89.882434000","8.9979","197.38","N/A"
"1.1.2.3","41504","5.6.7.8","http","3","222","3","222","0","0","89.911993000","8.9989","197.36","N/A"
"1.1.2.3","41505","5.6.7.8","http","3","222","3","222","0","0","90.089218000","8.9991","197.35","N/A"
"1.1.2.3","41506","5.6.7.8","http","3","222","3","222","0","0","90.314806000","8.9975","197.39","N/A"
"1.1.2.3","41507","5.6.7.8","http","3","222","3","222","0","0","90.714035000","8.9968","197.40","N/A"
"1.1.2.3","41508","5.6.7.8","http","3","222","3","222","0","0","91.148184000","8.9987","197.36","N/A"
"1.1.2.3","41509","5.6.7.8","http","3","222","3","222","0","0","91.200673000","8.9982","197.37","N/A"
"1.1.2.3","41510","5.6.7.8","http","3","222","3","222","0","0","91.477522000","8.9988","197.36","N/A"
"1.1.2.3","41511","5.6.7.8","http","3","222","3","222","0","0","91.550498000","8.9979","197.38","N/A"
"1.1.2.3","41512","5.6.7.8","http","3","222","3","222","0","0","91.619059000","8.9973","197.39","N/A"
"1.1.2.3","41513","5.6.7.8","http","3","222","3","222","0","0","91.994809000","8.9975","197.39","N/A"
"1.1.2.3","41514","5.6.7.8","http","3","222","3","222","0","0","92.064170000","8.9962","197.42","N/A"
"1.1.2.3","41515","5.6.7.8","http","3","222","3","222","0","0","92.143720000","8.9966","197.41","N/A"
"1.1.2.3","41516","5.6.7.8","http","3","222","3","222","0","0","92.204190000","8.9987","197.36","N/A"
"1.1.2.3","41517","5.6.7.8","http","3","222","3","222","0","0","92.213857000","8.9970","197.40","N/A"
"1.1.2.3","41518","5.6.7.8","http","3","222","3","222","0","0","92.349105000","8.9992","197.35","N/A"
"1.1.2.3","41519","5.6.7.8","http","3","222","3","222","0","0","92.494261000","8.9981","197.38","N/A"
"1.1.2.3","41520","5.6.7.8","http","3","222","3","222","0","0","92.773723000","8.9971","197.40","N/A"
"1.1.2.3","41521","5.6.7.8","http","3","222","3","222","0","0","93.302605000","8.9977","197.38","N/A"
"1.1.2.3","41522","5.6.7.8","http","3","222","3","222","0","0","93.313688000","8.9972","197.40","N/A"
"1.1.2.3","41523","5.6.7.8","http","3","222","3","222","0","0","93.551027000","8.9973","197.39","N/A"
"1.1.2.3","41524","5.6.7.8","http","3","222","3","222","0","0","93.617717000","8.9986","197.36","N/A"
"1.1.2.3","41525","5.6.7.8","http","3","222","3","222","0","0","94.255349000","8.9970","197.40","N/A"
"1.1.2.3","41526","5.6.7.8","http","3","222","3","222","0","0","94.480686000","8.9997","197.34","N/A"
"1.1.2.3","41527","5.6.7.8","http","3","222","3","222","0","0","94.569872000","8.9985","197.37","N/A"
"1.1.2.3","41528","5.6.7.8","http","3","222","3","222","0","0","94.577132000","8.9992","197.35","N/A"
"1.1.2.3","41529","5.6.7.8","http","3","222","3","222","0","0","94.658655000","8.9977","197.38","N/A"
"1.1.2.3","41530","5.6.7.8","http","3","222","3","222","0","0","94.755789000","8.9966","197.41","N/A"
"1.1.2.3","41531","5.6.7.8","http","3","222","3","222","0","0","95.150849000","8.9975","197.39","N/A"
"1.1.2.3","41532","5.6.7.8","http","3","222","3","222","0","0","95.388311000","9.0000","197.33","N/A"
"1.1.2.3","41533","5.6.7.8","http","3","222","3","222","0","0","95.436118000","8.9987","197.36","N/A"
"1.1.2.3","41534","5.6.7.8","http","3","222","3","222","0","0","95.591948000","8.9989","197.36","N/A"
"1.1.2.3","41535","5.6.7.8","http","3","222","3","222","0","0","95.895939000","8.9949","197.45","N/A"
"1.1.2.3","41536","5.6.7.8","http","3","222","3","222","0","0","96.084956000","8.9979","197.38","N/A"
"1.1.2.3","41537","5.6.7.8","http","3","222","3","222","0","0","96.288334000","9.0000","197.33","N/A"
"1.1.2.3","41538","5.6.7.8","http","3","222","3","222","0","0","96.470967000","8.9974","197.39","N/A"
"1.1.2.3","41539","5.6.7.8","http","3","222","3","222","0","0","96.650062000","8.9983","197.37","N/A"
"1.1.2.3","41540","5.6.7.8","http","3","222","3","222","0","0","96.673007000","8.9993","197.35","N/A"
"1.1.2.3","41541","5.6.7.8","http","3","222","3","222","0","0","97.333570000","8.9978","197.38","N/A"
"1.1.2.3","41542","5.6.7.8","http","3","222","3","222","0","0","97.688541000","8.9983","197.37","N/A"
"1.1.2.3","41543","5.6.7.8","http","3","222","3","222","0","0","97.792762000","8.9981","197.38","N/A"
"1.1.2.3","41544","5.6.7.8","http","3","222","3","222","0","0","97.911139000","8.9972","197.39","N/A"
"1.1.2.3","41545","5.6.7.8","http","3","222","3","222","0","0","97.973446000","8.9989","197.36","N/A"
"1.1.2.3","41546","5.6.7.8","http","3","222","3","222","0","0","98.128859000","8.9980","197.38","N/A"
"1.1.2.3","41547","5.6.7.8","http","3","222","3","222","0","0","98.282504000","8.9978","197.38","N/A"
"1.1.2.3","41548","5.6.7.8","http","3","222","3","222","0","0","98.757282000","8.9976","197.39","N/A"
"1.1.2.3","41549","5.6.7.8","http","3","222","3","222","0","0","98.869250000","8.9976","197.39","N/A"
"1.1.2.3","41550","5.6.7.8","http","3","222","3","222","0","0","98.918427000","8.9964","197.41","N/A"
"1.1.2.3","41551","5.6.7.8","http","3","222","3","222","0","0","98.971475000","8.9954","197.43","N/A"
"1.1.2.3","41552","5.6.7.8","http","3","222","3","222","0","0","99.448363000","8.9985","197.37","N/A"
"1.1.2.3","41553","5.6.7.8","http","3","222","3","222","0","0","99.672217000","8.9986","197.36","N/A"
"1.1.2.3","41554","5.6.7.8","http","3","222","3","222","0","0","99.679919000","8.9989","197.36","N/A"
"1.1.2.3","41555","5.6.7.8","http","3","222","3","222","0","0","100.234415000","8.9964","197.41","N/A"
"1.1.2.3","41556","5.6.7.8","http","3","222","3","222","0","0","100.328911000","8.9979","197.38","N/A"
"1.1.2.3","41557","5.6.7.8","http","3","222","3","222","0","0","100.506688000","8.9962","197.42","N/A"
"1.1.2.3","41558","5.6.7.8","http","3","222","3","222","0","0","100.604304000","8.9961","197.42","N/A"
"1.1.2.3","41559","5.6.7.8","http","3","222","3","222","0","0","101.107252000","8.9971","197.40","N/A"
"1.1.2.3","41560","5.6.7.8","http","3","222","3","222","0","0","101.126756000","8.9976","197.39","N/A"
"1.1.2.3","41561","5.6.7.8","http","3","222","3","222","0","0","101.430331000","8.9980","197.38","N/A"
"1.1.2.3","41562","5.6.7.8","http","3","222","3","222","0","0","101.583032000","8.9958","197.43","N/A"
"1.1.2.3","41563","5.6.7.8","http","3","222","3","222","0","0","101.855853000","9.0005","197.32","N/A"
"1.1.2.3","41564","5.6.7.8","http","3","222","3","222","0","0","101.885602000","8.9988","197.36","N/A"
"1.1.2.3","41565","5.6.7.8","http","3","222","3","222","0","0","102.162499000","8.9978","197.38","N/A"
"1.1.2.3","41566","5.6.7.8","http","3","222","3","222","0","0","102.288988000","8.9979","197.38","N/A"
"1.1.2.3","41567","5.6.7.8","http","3","222","3","222","0","0","102.467078000","8.9958","197.43","N/A"
"1.1.2.3","41568","5.6.7.8","http","3","222","3","222","0","0","102.773374000","8.9990","197.36","N/A"
"1.1.2.3","41569","5.6.7.8","http","3","222","3","222","0","0","103.469220000","8.9991","197.35","N/A"
"1.1.2.3","41570","5.6.7.8","http","3","222","3","222","0","0","103.725547000","8.9973","197.39","N/A"
"1.1.2.3","41571","5.6.7.8","http","3","222","3","222","0","0","103.880519000","8.9983","197.37","N/A"
"1.1.2.3","41572","5.6.7.8","http","3","222","3","222","0","0","105.478668000","8.9977","197.38","N/A"
"1.1.2.3","41573","5.6.7.8","http","3","222","3","222","0","0","105.490143000","8.9982","197.37","N/A"
"1.1.2.3","41574","5.6.7.8","http","3","222","3","222","0","0","106.007549000","8.9953","197.44","N/A"
"1.1.2.3","41575","5.6.7.8","http","3","222","3","222","0","0","106.147787000","8.9951","197.44","N/A"
"1.1.2.3","41576","5.6.7.8","http","3","222","3","222","0","0","106.468873000","8.9980","197.38","N/A"
"1.1.2.3","41577","5.6.7.8","http","3","222","3","222","0","0","106.522161000","8.9982","197.37","N/A"
"1.1.2.3","41578","5.6.7.8","http","3","222","3","222","0","0","106.615143000","8.9997","197.34","N/A"
"1.1.2.3","41579","5.6.7.8","http","3","222","3","222","0","0","107.184012000","9.0003","197.33","N/A"
"1.1.2.3","41580","5.6.7.8","http","3","222","3","222","0","0","107.263915000","9.0004","197.32","N/A"
"1.1.2.3","41581","5.6.7.8","http","3","222","3","222","0","0","107.428605000","8.9997","197.34","N/A"
"1.1.2.3","41582","5.6.7.8","http","3","222","3","222","0","0","107.534362000","8.9980","197.38","N/A"
"1.1.2.3","41583","5.6.7.8","http","3","222","3","222","0","0","107.597524000","8.9988","197.36","N/A"
"1.1.2.3","41584","5.6.7.8","http","3","222","3","222","0","0","107.841459000","8.9974","197.39","N/A"
"1.1.2.3","41585","5.6.7.8","http","3","222","3","222","0","0","108.053514000","8.9974","197.39","N/A"
"1.1.2.3","41586","5.6.7.8","http","3","222","3","222","0","0","108.275844000","8.9965","197.41","N/A"
"1.1.2.3","41587","5.6.7.8","http","3","222","3","222","0","0","108.339999000","9.0003","197.33","N/A"
"1.1.2.3","41588","5.6.7.8","http","3","222","3","222","0","0","108.546757000","8.9976","197.39","N/A"
"1.1.2.3","41589","5.6.7.8","http","3","222","3","222","0","0","108.846173000","8.9967","197.41","N/A"
"1.1.2.3","41590","5.6.7.8","http","3","222","3","222","0","0","109.245596000","8.9988","197.36","N/A"
"1.1.2.3","41591","5.6.7.8","http","3","222","3","222","0","0","109.430249000","8.9966","197.41","N/A"
"1.1.2.3","41592","5.6.7.8","http","3","222","3","222","0","0","109.546022000","8.9968","197.40","N/A"
"1.1.2.3","41593","5.6.7.8","http","3","222","3","222","0","0","109.600719000","8.9981","197.37","N/A"
"1.1.2.3","41594","5.6.7.8","http","3","222","3","222","0","0","109.697034000","8.9993","197.35","N/A"
"1.1.2.3","41595","5.6.7.8","http","3","222","3","222","0","0","109.796928000","8.9994","197.35","N/A"
"1.1.2.3","41596","5.6.7.8","http","3","222","3","222","0","0","109.845945000","8.9984","197.37","N/A"
"1.1.2.3","41597","5.6.7.8","http","3","222","3","222","0","0","109.872537000","8.9998","197.34","N/A"
"1.1.2.3","41598","5.6.7.8","http","3","222","3","222","0","0","110.102468000","8.9964","197.41","N/A"
"1.1.2.3","41599","5.6.7.8","http","3","222","3","222","0","0","110.164908000","8.9994","197.35","N/A"
"1.1.2.3","41600","5.6.7.8","http","3","222","3","222","0","0","110.881887000","8.9985","197.37","N/A"
"1.1.2.3","41601","5.6.7.8","http","3","222","3","222","0","0","111.189085000","8.9993","197.35","N/A"
"1.1.2.3","41602","5.6.7.8","http","3","222","3","222","0","0","111.233478000","8.9974","197.39","N/A"
"1.1.2.3","41603","5.6.7.8","http","3","222","3","222","0","0","111.270875000","8.9960","197.42","N/A"
"1.1.2.3","41604","5.6.7.8","http","3","222","3","222","0","0","111.530626000","8.9977","197.38","N/A"
"1.1.2.3","41605","5.6.7.8","http","3","222","3","222","0","0","111.697363000","8.9990","197.36","N/A"
"1.1.2.3","41606","5.6.7.8","http","3","222","3","222","0","0","112.201347000","8.9975","197.39","N/A"
"1.1.2.3","41607","5.6.7.8","http","3","222","3","222","0","0","112.400640000","8.9982","197.37","N/A"
"1.1.2.3","41608","5.6.7.8","http","3","222","3","222","0","0","112.455820000","8.9990","197.35","N/A"
"1.1.2.3","41609","5.6.7.8","http","3","222","3","222","0","0","112.510378000","8.9980","197.38","N/A"
"1.1.2.3","41610","5.6.7.8","http","3","222","3","222","0","0","112.615846000","8.9965","197.41","N/A"
"1.1.2.3","41611","5.6.7.8","http","3","222","3","222","0","0","113.369305000","8.9975","197.39","N/A"
"1.1.2.3","41612","5.6.7.8","http","3","222","3","222","0","0","113.822967000","8.9959","197.42","N/A"
"1.1.2.3","41613","5.6.7.8","http","3","222","3","222","0","0","114.025715000","8.9971","197.40","N/A"
"1.1.2.3","41614","5.6.7.8","http","3","222","3","222","0","0","114.472822000","8.9995","197.34","N/A"
"1.1.2.3","41615","5.6.7.8","http","3","222","3","222","0","0","114.622210000","8.9966","197.41","N/A"
"1.1.2.3","41616","5.6.7.8","http","3","222","3","222","0","0","114.820135000","9.0002","197.33","N/A"
"1.1.2.3","41617","5.6.7.8","http","3","222","3","222","0","0","114.920326000","8.9985","197.37","N/A"
"1.1.2.3","41618","5.6.7.8","http","3","222","3","222","0","0","115.013273000","8.9976","197.39","N/A"
"1.1.2.3","41619","5.6.7.8","http","3","222","3","222","0","0","115.297502000","8.9988","197.36","N/A"
"1.1.2.3","41620","5.6.7.8","http","3","222","3","222","0","0","115.658473000","8.9964","197.41","N/A"
"1.1.2.3","41621","5.6.7.8","http","3","222","3","222","0","0","115.735887000","9.0005","197.32","N/A"
"1.1.2.3","41622","5.6.7.8","http","3","222","3","222","0","0","115.773503000","8.9988","197.36","N/A"
"1.1.2.3","41623","5.6.7.8","http","3","222","3","222","0","0","116.385550000","8.9973","197.39","N/A"
"1.1.2.3","41624","5.6.7.8","http","3","222","3","222","0","0","116.401797000","8.9970","197.40","N/A"
"1.1.2.3","41625","5.6.7.8","http","3","222","3","222","0","0","116.671596000","8.9952","197.44","N/A"
"1.1.2.3","41626","5.6.7.8","http","3","222","3","222","0","0","117.056376000","8.9985","197.37","N/A"
"1.1.2.3","41627","5.6.7.8","http","3","222","3","222","0","0","117.112817000","8.9980","197.38","N/A"
"1.1.2.3","41628","5.6.7.8","http","3","222","3","222","0","0","117.224178000","8.9987","197.36","N/A"
"1.1.2.3","41629","5.6.7.8","http","3","222","3","222","0","0","117.233866000","8.9970","197.40","N/A"
"1.1.2.3","41630","5.6.7.8","http","3","222","3","222","0","0","117.525102000","8.9992","197.35","N/A"
"1.1.2.3","41631","5.6.7.8","http","3","222","3","222","0","0","117.739258000","8.9956","197.43","N/A"
"1.1.2.3","41632","5.6.7.8","http","3","222","3","222","0","0","117.902782000","8.9961","197.42","N/A"
"1.1.2.3","41633","5.6.7.8","http","3","222","3","222","0","0","118.027177000","8.9972","197.40","N/A"
"1.1.2.3","41634","5.6.7.8","http","3","222","3","222","0","0","118.459541000","8.9953","197.44","N/A"
"1.1.2.3","41635","5.6.7.8","http","3","222","3","222","0","0","118.786044000","8.9983","197.37","N/A"
"1.1.2.3","41636","5.6.7.8","http","17","6338","10","792","7","5546","118.867844000","2.9990","2112.71","14794.29"
"1.1.2.3","41637","5.6.7.8","http","3","222","3","222","0","0","118.881235000","8.9976","197.39","N/A"
"1.1.2.3","41638","5.6.7.8","http","3","222","3","222","0","0","118.922064000","8.9968","197.40","N/A"
"1.1.2.3","41639","5.6.7.8","http","3","222","3","222","0","0","119.286986000","8.9974","197.39","N/A"
"1.1.2.3","41640","5.6.7.8","http","17","6384","10","792","7","5592","119.467149000","3.0013","2111.11","14905.72"
"1.1.2.3","41641","5.6.7.8","http","3","222","3","222","0","0","119.608524000","8.9998","197.34","N/A"
"1.1.2.3","41642","5.6.7.8","http","3","222","3","222","0","0","119.634152000","8.9982","197.37","N/A"
"1.1.2.3","41643","5.6.7.8","http","3","222","3","222","0","0","119.701588000","8.9988","197.36","N/A"
"1.1.2.3","41644","5.6.7.8","http","3","222","3","222","0","0","119.749592000","8.9973","197.39","N/A"
"1.1.2.3","41645","5.6.7.8","http","3","222","3","222","0","0","119.863982000","9.0004","197.33","N/A"
"1.1.2.3","41646","5.6.7.8","http","3","222","3","222","0","0","119.963612000","8.9952","197.44","N/A"
"1.1.2.3","41647","5.6.7.8","http","3","222","3","222","0","0","120.019779000","8.9951","197.44","N/A"
"1.1.2.3","41648","5.6.7.8","http","3","222","3","222","0","0","120.179599000","8.9952","197.44","N/A"
"1.1.2.3","41649","5.6.7.8","http","3","222","3","222","0","0","120.535992000","8.9949","197.45","N/A"
"1.1.2.3","41650","5.6.7.8","http","3","222","3","222","0","0","120.559427000","8.9969","197.40","N/A"
"1.1.2.3","41651","5.6.7.8","http","3","222","3","222","0","0","120.692703000","8.9981","197.37","N/A"
"1.1.2.3","41652","5.6.7.8","http","3","222","3","222","0","0","120.766987000","8.9974","197.39","N/A"
"1.1.2.3","41653","5.6.7.8","http","3","222","3","222","0","0","120.812243000","8.9986","197.36","N/A"
"1.1.2.3","41654","5.6.7.8","http","3","222","3","222","0","0","121.271556000","8.9968","197.40","N/A"
"1.1.2.3","41655","5.6.7.8","http","3","222","3","222","0","0","121.476447000","8.9999","197.34","N/A"
"1.1.2.3","41656","5.6.7.8","http","3","222","3","222","0","0","121.658385000","8.9980","197.38","N/A"
"1.1.2.3","41657","5.6.7.8","http","3","222","3","222","0","0","121.738782000","8.9976","197.39","N/A"
"1.1.2.3","41658","5.6.7.8","http","3","222","3","222","0","0","121.964305000","9.0000","197.33","N/A"
"1.1.2.3","41659","5.6.7.8","http","3","222","3","222","0","0","122.300768000","8.9996","197.34","N/A"
"1.1.2.3","41660","5.6.7.8","http","3","222","3","222","0","0","122.576176000","8.9987","197.36","N/A"
"1.1.2.3","41661","5.6.7.8","http","3","222","3","222","0","0","122.626253000","8.9981","197.37","N/A"
"1.1.2.3","41662","5.6.7.8","http","3","222","3","222","0","0","122.892188000","8.9962","197.42","N/A"
"1.1.2.3","41663","5.6.7.8","http","3","222","3","222","0","0","122.989618000","8.9972","197.39","N/A"
"1.1.2.3","41664","5.6.7.8","http","3","222","3","222","0","0","123.076551000","8.9983","197.37","N/A"
"1.1.2.3","41665","5.6.7.8","http","3","222","3","222","0","0","123.138987000","8.9974","197.39","N/A"
"1.1.2.3","41666","5.6.7.8","http","3","222","3","222","0","0","123.332137000","8.9962","197.42","N/A"
"1.1.2.3","41667","5.6.7.8","http","3","222","3","222","0","0","124.019453000","8.9954","197.43","N/A"
"1.1.2.3","41668","5.6.7.8","http","3","222","3","222","0","0","124.071955000","8.9989","197.36","N/A"
"1.1.2.3","41669","5.6.7.8","http","3","222","3","222","0","0","124.214106000","8.9983","197.37","N/A"
"1.1.2.3","41670","5.6.7.8","http","3","222","3","222","0","0","124.225485000","8.9989","197.36","N/A"
"1.1.2.3","41671","5.6.7.8","http","3","222","3","222","0","0","124.308864000","8.9980","197.38","N/A"
"1.1.2.3","41672","5.6.7.8","http","3","222","3","222","0","0","124.525197000","8.9992","197.35","N/A"
"1.1.2.3","41673","5.6.7.8","http","3","222","3","222","0","0","124.781121000","8.9977","197.38","N/A"
"1.1.2.3","12676","5.6.7.8","http","2","114","1","54","1","60","125.480811000","0.0000","N/A","N/A"
"1.1.2.3","41674","5.6.7.8","http","3","222","3","222","0","0","125.767126000","8.9957","197.43","N/A"
"1.1.2.3","41675","5.6.7.8","http","3","222","3","222","0","0","125.838501000","8.9978","197.38","N/A"
"1.1.2.3","41676","5.6.7.8","http","3","222","3","222","0","0","126.130856000","8.9975","197.39","N/A"
"1.1.2.3","41677","5.6.7.8","http","3","222","3","222","0","0","126.659462000","8.9969","197.40","N/A"
"1.1.2.3","41678","5.6.7.8","http","3","222","3","222","0","0","126.677064000","8.9993","197.35","N/A"
"1.1.2.3","41679","5.6.7.8","http","3","222","3","222","0","0","126.986032000","8.9983","197.37","N/A"
"1.1.2.3","41680","5.6.7.8","http","3","222","3","222","0","0","127.099990000","8.9964","197.41","N/A"
"1.1.2.3","41681","5.6.7.8","http","3","222","3","222","0","0","127.130186000","8.9967","197.41","N/A"
"1.1.2.3","41682","5.6.7.8","http","3","222","3","222","0","0","127.269303000","8.9991","197.35","N/A"
"1.1.2.3","41683","5.6.7.8","http","3","222","3","222","0","0","127.329023000","9.0028","197.27","N/A"
"1.1.2.3","41684","5.6.7.8","http","3","222","3","222","0","0","127.416940000","8.9979","197.38","N/A"
"1.1.2.3","41685","5.6.7.8","http","3","222","3","222","0","0","127.992445000","8.9999","197.34","N/A"
"1.1.2.3","41686","5.6.7.8","http","3","222","3","222","0","0","128.103078000","8.9958","197.43","N/A"
"1.1.2.3","41687","5.6.7.8","http","3","222","3","222","0","0","128.245598000","8.9988","197.36","N/A"
"1.1.2.3","41688","5.6.7.8","http","3","222","3","222","0","0","128.364640000","8.9982","197.37","N/A"
"1.1.2.3","41689","5.6.7.8","http","3","222","3","222","0","0","128.536585000","8.9983","197.37","N/A"
"1.1.2.3","41690","5.6.7.8","http","3","222","3","222","0","0","128.563567000","8.9968","197.40","N/A"
"1.1.2.3","41691","5.6.7.8","http","3","222","3","222","0","0","128.686174000","8.9982","197.37","N/A"
"1.1.2.3","41692","5.6.7.8","http","3","222","3","222","0","0","129.088624000","8.9997","197.34","N/A"
"1.1.2.3","41693","5.6.7.8","http","3","222","3","222","0","0","129.299820000","9.0005","197.32","N/A"
"1.1.2.3","41694","5.6.7.8","http","3","222","3","222","0","0","129.423188000","8.9957","197.43","N/A"
"1.1.2.3","41695","5.6.7.8","http","3","222","3","222","0","0","129.735742000","8.9951","197.44","N/A"
"1.1.2.3","41696","5.6.7.8","http","3","222","3","222","0","0","129.913691000","8.9987","197.36","N/A"
"1.1.2.3","41697","5.6.7.8","http","3","222","3","222","0","0","130.222988000","8.9959","197.42","N/A"
"1.1.2.3","41698","5.6.7.8","http","3","222","3","222","0","0","130.343666000","8.9967","197.41","N/A"
"1.1.2.3","41699","5.6.7.8","http","3","222","3","222","0","0","130.858113000","8.9982","197.37","N/A"
"1.1.2.3","41700","5.6.7.8","http","3","222","3","222","0","0","131.225302000","8.9975","197.39","N/A"
"1.1.2.3","41701","5.6.7.8","http","3","222","3","222","0","0","131.625628000","8.9987","197.36","N/A"
"1.1.2.3","41702","5.6.7.8","http","3","222","3","222","0","0","131.681527000","8.9988","197.36","N/A"
"1.1.2.3","41703","5.6.7.8","http","3","222","3","222","0","0","131.715246000","8.9971","197.40","N/A"
"1.1.2.3","41704","5.6.7.8","http","3","222","3","222","0","0","131.734150000","8.9982","197.37","N/A"
"1.1.2.3","41705","5.6.7.8","http","3","222","3","222","0","0","131.783019000","8.9973","197.39","N/A"
"1.1.2.3","41706","5.6.7.8","http","3","222","3","222","0","0","131.876482000","8.9999","197.34","N/A"
"1.1.2.3","41707","5.6.7.8","http","3","222","3","222","0","0","132.007639000","8.9967","197.41","N/A"
"1.1.2.3","41708","5.6.7.8","http","3","222","3","222","0","0","132.029966000","8.9984","197.37","N/A"
"1.1.2.3","41709","5.6.7.8","http","3","222","3","222","0","0","132.103023000","8.9973","197.39","N/A"
"1.1.2.3","41710","5.6.7.8","http","3","222","3","222","0","0","132.239448000","8.9969","197.40","N/A"
"1.1.2.3","41711","5.6.7.8","http","3","222","3","222","0","0","132.274114000","8.9982","197.37","N/A"
"1.1.2.3","41712","5.6.7.8","http","3","222","3","222","0","0","132.354751000","8.9961","197.42","N/A"
"1.1.2.3","41713","5.6.7.8","http","3","222","3","222","0","0","132.651613000","8.9967","197.40","N/A"
"1.1.2.3","41714","5.6.7.8","http","3","222","3","222","0","0","132.684386000","8.9985","197.37","N/A"
"1.1.2.3","41715","5.6.7.8","http","3","222","3","222","0","0","133.218072000","8.9983","197.37","N/A"
"1.1.2.3","41716","5.6.7.8","http","3","222","3","222","0","0","133.525003000","8.9993","197.35","N/A"
"1.1.2.3","41717","5.6.7.8","http","3","222","3","222","0","0","133.621469000","8.9974","197.39","N/A"
"1.1.2.3","41718","5.6.7.8","http","3","222","3","222","0","0","133.731505000","8.9968","197.40","N/A"
"1.1.2.3","41719","5.6.7.8","http","3","222","3","222","0","0","133.850789000","8.9961","197.42","N/A"
"1.1.2.3","41720","5.6.7.8","http","3","222","3","222","0","0","133.898917000","8.9959","197.42","N/A"
"1.1.2.3","41721","5.6.7.8","http","3","222","3","222","0","0","133.938095000","8.9983","197.37","N/A"
"1.1.2.3","41722","5.6.7.8","http","3","222","3","222","0","0","134.014536000","8.9978","197.38","N/A"
"1.1.2.3","41723","5.6.7.8","http","3","222","3","222","0","0","134.074381000","8.9965","197.41","N/A"
"1.1.2.3","41724","5.6.7.8","http","3","222","3","222","0","0","134.233708000","8.9986","197.36","N/A"
"1.1.2.3","41725","5.6.7.8","http","3","222","3","222","0","0","134.274735000","8.9976","197.39","N/A"
"1.1.2.3","41726","5.6.7.8","http","3","222","3","222","0","0","134.481201000","8.9991","197.35","N/A"
"1.1.2.3","41727","5.6.7.8","http","3","222","3","222","0","0","134.515771000","8.9951","197.44","N/A"
"1.1.2.3","41728","5.6.7.8","http","3","222","3","222","0","0","135.142758000","8.9976","197.39","N/A"
"1.1.2.3","41729","5.6.7.8","http","3","222","3","222","0","0","135.300211000","9.0001","197.33","N/A"
"1.1.2.3","41730","5.6.7.8","http","3","222","3","222","0","0","135.555827000","8.9950","197.44","N/A"
"1.1.2.3","41731","5.6.7.8","http","3","222","3","222","0","0","135.638303000","8.9965","197.41","N/A"
"1.1.2.3","41732","5.6.7.8","http","3","222","3","222","0","0","135.965720000","8.9971","197.40","N/A"
"1.1.2.3","41733","5.6.7.8","http","3","222","3","222","0","0","135.993480000","8.9974","197.39","N/A"
"1.1.2.3","41734","5.6.7.8","http","3","222","3","222","0","0","136.151276000","8.9971","197.40","N/A"
"1.1.2.3","41735","5.6.7.8","http","3","222","3","222","0","0","136.622343000","8.9965","197.41","N/A"
"1.1.2.3","41736","5.6.7.8","http","3","222","3","222","0","0","136.648126000","8.9987","197.36","N/A"
"1.1.2.3","41737","5.6.7.8","http","3","222","3","222","0","0","136.979501000","8.9968","197.40","N/A"
"1.1.2.3","41738","5.6.7.8","http","3","222","3","222","0","0","137.105492000","8.9974","197.39","N/A"
"1.1.2.3","41739","5.6.7.8","http","3","222","3","222","0","0","137.302707000","8.9977","197.38","N/A"
"1.1.2.3","41740","5.6.7.8","http","3","222","3","222","0","0","137.544550000","8.9983","197.37","N/A"
"1.1.2.3","41741","5.6.7.8","http","3","222","3","222","0","0","137.819168000","8.9972","197.40","N/A"
"1.1.2.3","41742","5.6.7.8","http","3","222","3","222","0","0","138.084806000","8.9980","197.38","N/A"
"1.1.2.3","41743","5.6.7.8","http","3","222","3","222","0","0","138.094193000","8.9967","197.41","N/A"
"1.1.2.3","41744","5.6.7.8","http","3","222","3","222","0","0","138.220891000","8.9995","197.35","N/A"
"1.1.2.3","41745","5.6.7.8","http","3","222","3","222","0","0","138.477043000","8.9978","197.38","N/A"
"1.1.2.3","41746","5.6.7.8","http","3","222","3","222","0","0","138.498631000","8.9962","197.42","N/A"
"1.1.2.3","41747","5.6.7.8","http","3","222","3","222","0","0","138.650652000","8.9977","197.38","N/A"
"1.1.2.3","41748","5.6.7.8","http","3","222","3","222","0","0","138.747802000","8.9965","197.41","N/A"
"1.1.2.3","41749","5.6.7.8","http","3","222","3","222","0","0","139.333773000","8.9986","197.36","N/A"
"1.1.2.3","41750","5.6.7.8","http","3","222","3","222","0","0","139.645454000","8.9974","197.39","N/A"
"1.1.2.3","41751","5.6.7.8","http","3","222","3","222","0","0","139.812598000","8.9982","197.37","N/A"
"1.1.2.3","41752","5.6.7.8","http","3","222","3","222","0","0","140.141891000","8.9985","197.37","N/A"
"1.1.2.3","41753","5.6.7.8","http","3","222","3","222","0","0","140.268877000","8.9995","197.34","N/A"
"1.1.2.3","41754","5.6.7.8","http","16","5275","10","800","6","4475","142.133193000","9.0057","710.66","3975.24"
"1.1.2.3","41755","5.6.7.8","http","16","4809","10","800","6","4009","142.213508000","9.0024","710.92","3562.61"
"1.1.2.3","41756","5.6.7.8","http","24","11296","14","1064","10","10232","142.566405000","9.0019","945.58","9093.16"
"1.1.2.3","41757","5.6.7.8","http","16","5272","10","800","6","4472","142.691124000","9.0036","710.83","3973.53"
"1.1.2.3","41758","5.6.7.8","http","24","10928","14","1064","10","9864","142.929047000","9.0034","945.42","8764.69"
"1.1.2.3","41759","5.6.7.8","http","16","5349","10","800","6","4549","143.225551000","9.0024","710.92","4042.49"
"1.1.2.3","41760","5.6.7.8","http","20","7711","12","932","8","6779","143.454813000","9.0014","828.31","6024.82"
"1.1.2.3","41761","5.6.7.8","http","18","5973","11","866","7","5107","143.652094000","9.0000","769.77","4539.54"
"1.1.2.3","41762","5.6.7.8","http","18","5817","11","866","7","4951","143.698330000","9.0017","769.63","4400.07"
"1.1.2.3","41763","5.6.7.8","http","24","11307","14","1064","10","10243","143.787192000","9.0012","945.65","9103.70"
"1.1.2.3","41764","5.6.7.8","http","20","7645","12","932","8","6713","143.891120000","9.0012","828.34","5966.34"
"1.1.2.3","41765","5.6.7.8","http","22","9902","13","998","9","8904","144.235523000","8.9994","887.17","7915.19"
"1.1.2.3","41766","5.6.7.8","http","16","4601","10","800","6","3801","144.589342000","9.0024","710.92","3377.76"
"1.1.2.3","41767","5.6.7.8","http","16","5374","10","800","6","4574","144.669997000","9.0018","710.97","4064.97"
"1.1.2.3","41768","5.6.7.8","http","20","8373","12","932","8","7441","144.801279000","9.0015","828.31","6613.13"
"1.1.2.3","41769","5.6.7.8","http","14","2916","9","734","5","2182","145.181915000","9.0003","652.42","1939.49"
"1.1.2.3","41770","5.6.7.8","http","24","10835","14","1064","10","9771","145.276156000","9.0003","945.74","8685.01"
"1.1.2.3","41771","5.6.7.8","http","20","8624","12","932","8","7692","145.322334000","9.0005","828.40","6836.96"
"1.1.2.3","41772","5.6.7.8","http","14","2963","9","734","5","2229","145.388503000","9.0033","652.21","1980.62"
"1.1.2.3","41773","5.6.7.8","http","18","6940","11","866","7","6074","145.855371000","9.0007","769.72","5398.70"
"1.1.2.3","41774","5.6.7.8","http","22","8967","13","998","9","7969","145.961613000","9.0027","886.85","7081.46"
"1.1.2.3","41775","5.6.7.8","http","20","8028","12","932","8","7096","146.192047000","9.0041","828.07","6304.68"
"1.1.2.3","41776","5.6.7.8","http","20","8522","12","932","8","7590","146.319513000","9.0049","827.99","6742.97"
"1.1.2.3","41777","5.6.7.8","http","26","12016","15","1130","11","10886","146.412753000","9.0036","1004.04","9672.57"
"1.1.2.3","41778","5.6.7.8","http","14","3038","9","734","5","2304","146.568194000","9.0035","652.19","2047.21"
"1.1.2.3","41779","5.6.7.8","http","18","5926","11","866","7","5060","147.560366000","9.0038","769.46","4495.89"
"1.1.2.3","41780","5.6.7.8","http","22","9964","13","998","9","8966","147.635872000","9.0046","886.65","7965.67"
"1.1.2.3","41781","5.6.7.8","http","18","6371","11","866","7","5505","147.650162000","9.0020","769.61","4892.26"
"1.1.2.3","41782","5.6.7.8","http","22","9382","13","998","9","8384","147.703989000","9.0045","886.67","7448.75"
"1.1.2.3","41783","5.6.7.8","http","19","7399","11","858","8","6541","148.343915000","3.0044","2284.67","17417.27"
"1.1.2.3","41784","5.6.7.8","http","23","11753","13","990","10","10763","148.360313000","3.0041","2636.44","28662.58"
"1.1.2.3","41785","5.6.7.8","http","17","6570","10","792","7","5778","149.002228000","3.0019","2110.66","15398.25"
"1.1.2.3","41786","5.6.7.8","http","15","4891","9","726","6","4165","149.026062000","3.0018","1934.85","11100.09"
"1.1.2.3","41787","5.6.7.8","http","19","7711","11","858","8","6853","149.178329000","3.0005","2287.65","18271.83"
"1.1.2.3","41788","5.6.7.8","http","13","2762","8","660","5","2102","149.234247000","3.0014","1759.18","5602.71"
"1.1.2.3","41789","5.6.7.8","http","13","2522","8","660","5","1862","149.436113000","2.9996","1760.25","4966.05"
"1.1.2.3","41790","5.6.7.8","http","13","3229","8","660","5","2569","149.483810000","2.9999","1760.03","6850.80"
"1.1.2.3","41791","5.6.7.8","http","17","6429","10","792","7","5637","149.552466000","3.0035","2109.53","15014.40"
"1.1.2.3","41792","5.6.7.8","http","13","2477","8","660","5","1817","149.704896000","3.0027","1758.39","4840.91"
"1.1.2.3","41793","5.6.7.8","http","19","7837","11","858","8","6979","149.827133000","3.0011","2287.16","18603.80"
"1.1.2.3","crestron-cip","5.6.7.8","http","23","11566","13","990","10","10576","150.402562000","3.0017","2638.46","28186.25"
"1.1.2.3","crestron-ctp","5.6.7.8","http","15","4481","9","726","6","3755","150.463302000","3.0005","1935.70","10011.80"
"1.1.2.3","41796","5.6.7.8","http","21","9894","12","924","9","8970","150.530962000","3.0014","2462.85","23908.88"
"1.1.2.3","41797","5.6.7.8","http","15","5364","9","726","6","4638","150.546054000","3.0018","1934.83","12360.50"
"1.1.2.3","41798","5.6.7.8","http","13","3001","8","660","5","2341","150.663672000","3.0001","1759.96","6242.53"
"1.1.2.3","41799","5.6.7.8","http","15","5441","9","726","6","4715","150.675196000","3.0006","1935.60","12570.73"
"1.1.2.3","41800","5.6.7.8","http","17","6256","10","792","7","5464","150.731773000","3.0002","2111.85","14569.66"
"1.1.2.3","41801","5.6.7.8","http","14","5175","8","652","6","4523","151.077692000","0.0037","1396893.41","9690412.43"
"1.1.2.3","41802","5.6.7.8","http","14","4157","8","652","6","3505","151.131913000","0.0070","740698.67","3981823.35"
"1.1.2.3","41803","5.6.7.8","http","16","6797","9","718","7","6079","151.264801000","0.0040","1446851.39","12249874.06"
"1.1.2.3","41804","5.6.7.8","http","16","6129","9","718","7","5411","151.475366000","0.0038","1506820.57","11355718.78"
"1.1.2.3","41805","5.6.7.8","http","20","8914","11","850","9","8064","151.688088000","0.0074","920162.38","8729634.64"
"1.1.2.3","41806","5.6.7.8","http","20","9005","11","850","9","8155","152.341134000","0.0042","1603773.58","15386792.45"
"1.1.2.3","41807","5.6.7.8","http","20","9404","11","850","9","8554","152.819783000","0.0041","1671994.10","16826161.79"
"1.1.2.3","41808","5.6.7.8","http","20","9293","11","850","9","8443","153.375278000","0.0042","1630304.48","16193718.53"
"1.1.2.3","41809","5.6.7.8","http","14","5236","8","652","6","4584","153.435793000","0.0036","1463524.13","10289562.29"
"1.1.2.3","41810","5.6.7.8","http","22","10870","12","916","10","9954","153.924814000","0.0048","1523492.72","16555509.36"
"1.1.2.3","41811","5.6.7.8","http","20","9433","11","850","9","8583","153.931292000","0.0040","1719342.60","17361314.79"
"1.1.2.3","41812","5.6.7.8","http","20","9775","11","850","9","8925","154.005029000","0.0041","1679012.35","17629629.63"
"1.1.2.3","41813","5.6.7.8","http","18","7807","10","784","8","7023","154.456038000","0.0039","1624449.62","14551670.55"
"1.1.2.3","41814","5.6.7.8","http","20","9560","11","850","9","8710","155.128332000","0.0040","1709831.53","17520744.28"
"1.1.2.3","41815","5.6.7.8","http","16","6094","9","718","7","5376","155.247654000","0.0041","1414429.94","10590494.95"
"1.1.2.3","41816","5.6.7.8","http","16","5793","9","718","7","5075","155.652108000","0.0038","1530916.84","10820895.52"
"1.1.2.3","41817","5.6.7.8","http","22","11710","12","916","10","10794","155.812987000","0.0041","1804037.42","21258493.35"
"1.1.2.3","41818","5.6.7.8","http","16","6256","9","718","7","5538","155.964044000","0.0038","1507611.55","11628346.46"
"1.1.2.3","41819","5.6.7.8","http","18","8265","10","784","8","7481","156.237981000","0.0040","1576275.45","15040965.07"
"1.1.2.3","41820","5.6.7.8","http","22","11490","12","916","10","10574","156.320619000","0.0042","1741858.81","20107439.98"
"1.1.2.3","41821","5.6.7.8","http","12","3749","7","586","5","3163","156.442519000","0.0035","1354913.29","7313294.80"
"1.1.2.3","41822","5.6.7.8","http","10","2217","6","520","4","1697","156.752468000","0.0034","1219941.35","3981231.67"
"1.1.2.3","41823","5.6.7.8","http","22","11600","12","916","10","10684","156.895046000","0.0040","1809829.59","21109409.73"
"1.1.2.3","41824","5.6.7.8","http","14","4769","8","652","6","4117","156.905589000","0.0036","1452924.79","9174373.26"
"1.1.2.3","41825","5.6.7.8","http","12","3614","7","586","5","3028","156.929232000","0.0035","1335993.16","6903391.28"
"1.1.2.3","41826","5.6.7.8","http","20","9578","11","850","9","8728","157.114211000","0.0041","1667075.26","17117921.06"
"1.1.2.3","41827","5.6.7.8","http","18","7169","10","784","8","6385","157.522581000","0.0040","1549789.97","12621695.08"
"1.1.2.3","41828","5.6.7.8","http","12","2525","7","586","5","1939","157.613898000","0.0033","1406118.78","4652669.47"
"1.1.2.3","41829","5.6.7.8","http","12","2469","7","586","5","1883","157.965305000","0.0124","378156.01","1215132.69"
"1.1.2.3","41830","5.6.7.8","http","18","8358","10","784","8","7574","157.985080000","0.0039","1588652.48","15347517.73"
"1.1.2.3","41831","5.6.7.8","http","12","2519","7","586","5","1933","158.235413000","0.0034","1394822.97","4601011.60"
"1.1.2.3","41832","5.6.7.8","http","12","3562","7","586","5","2976","158.484514000","0.0036","1318335.21","6695163.10"
"1.1.2.3","41833","5.6.7.8","http","14","4691","8","652","6","4039","158.560163000","0.0036","1454545.45","9010596.77"
"1.1.2.3","41834","5.6.7.8","http","18","8332","10","784","8","7548","158.660038000","0.0040","1569569.57","15111111.11"
"1.1.2.3","41835","5.6.7.8","http","20","10129","11","850","9","9279","158.886344000","0.0041","1669121.26","18220913.11"
"1.1.2.3","41836","5.6.7.8","http","20","8914","11","850","9","8064","159.147413000","0.0040","1707255.84","16196836.56"
"1.1.2.3","41837","5.6.7.8","http","18","7315","10","784","8","6531","159.522710000","0.0041","1538008.83","12812162.82"
"1.1.2.3","41838","5.6.7.8","http","14","4941","8","652","6","4289","159.597370000","0.0035","1470538.48","9673526.92"
"1.1.2.3","41839","5.6.7.8","http","18","7991","10","784","8","7207","159.654361000","0.0039","1624029.00","14929052.30"
"1.1.2.3","41840","5.6.7.8","http","18","8240","10","784","8","7456","160.076196000","0.0039","1589860.58","15119898.61"
"1.1.2.3","41841","5.6.7.8","http","20","9002","11","850","9","8152","160.168511000","0.0040","1708542.71","16385929.65"
"1.1.2.3","41842","5.6.7.8","http","12","3775","7","586","5","3189","160.341187000","0.0036","1293241.38","7037793.10"
"1.1.2.3","41843","5.6.7.8","http","20","9257","11","850","9","8407","160.733451000","0.0040","1689860.83","16713717.69"
"1.1.2.3","41844","5.6.7.8","http","20","9452","11","850","9","8602","161.139070000","0.0039","1722391.08","17430597.77"
"1.1.2.3","41845","5.6.7.8","http","12","2430","7","586","5","1844","161.231652000","0.0033","1434955.62","4515457.61"
"1.1.2.3","41846","5.6.7.8","http","20","8877","11","850","9","8027","161.252920000","0.0042","1633045.15","15421709.89"
"1.1.2.3","41847","5.6.7.8","http","14","4812","8","652","6","4160","161.432586000","0.0037","1425915.80","9097867.69"
"1.1.2.3","41848","5.6.7.8","http","10","2086","6","520","4","1566","161.696831000","0.0033","1266362.25","3813698.63"
"1.1.2.3","41849","5.6.7.8","http","16","6079","9","718","7","5361","161.809452000","0.0037","1561293.83","11657515.63"
"1.1.2.3","41850","5.6.7.8","http","18","8499","10","784","8","7715","161.903290000","0.0039","1592282.31","15668951.51"
"1.1.2.3","41851","5.6.7.8","http","12","2416","7","586","5","1830","162.164602000","0.0034","1396901.07","4362336.11"
"1.1.2.3","41852","5.6.7.8","http","12","2807","7","586","5","2221","162.310452000","0.0035","1332196.65","5049161.69"
"1.1.2.3","41853","5.6.7.8","http","18","7311","10","784","8","6527","162.537508000","0.0039","1590263.69","13239350.91"
"1.1.2.3","41854","5.6.7.8","http","20","9727","11","850","9","8877","162.667760000","0.0042","1626405.17","16985410.19"
"1.1.2.3","41855","5.6.7.8","http","12","2500","7","586","5","1914","162.844032000","0.0034","1368359.60","4469352.01"
"1.1.2.3","41856","5.6.7.8","http","12","2958","7","586","5","2372","162.872205000","0.0034","1396901.07","5654350.42"
"1.1.2.3","41857","5.6.7.8","http","14","5030","8","652","6","4378","163.187124000","0.0056","927124.07","6225382.15"
"1.1.2.3","41858","5.6.7.8","http","10","2174","6","520","4","1654","163.334145000","0.0036","1149171.27","3655248.62"
"1.1.2.3","41859","5.6.7.8","http","22","11634","12","916","10","10718","163.481145000","0.0042","1754369.16","20527651.42"
"1.1.2.3","41860","5.6.7.8","http","16","5990","9","718","7","5272","163.766537000","0.0039","1483471.07","10892561.98"
"1.1.2.3","41861","5.6.7.8","http","16","5543","9","718","7","4825","163.946473000","0.0037","1554533.15","10446549.39"
"1.1.2.3","41862","5.6.7.8","http","16","5908","9","718","7","5190","163.995523000","0.0038","1525225.70","11024960.17"
"1.1.2.3","41863","5.6.7.8","http","20","8936","11","850","9","8086","164.522236000","0.0043","1600000.00","15220705.88"
"1.1.2.3","41864","5.6.7.8","http","12","3777","7","586","5","3191","164.610289000","0.0035","1356481.48","7386574.07"
"1.1.2.3","41865","5.6.7.8","http","18","7857","10","784","8","7073","164.754007000","0.0040","1586643.06","14314191.75"
"1.1.2.3","41866","5.6.7.8","http","20","8792","11","850","9","7942","164.803961000","0.0041","1651287.03","15428848.96"
"1.1.2.3","41867","5.6.7.8","http","16","6778","9","718","7","6060","164.999332000","0.0038","1499347.43","12654659.36"
"1.1.2.3","41868","5.6.7.8","http","20","10107","11","850","9","9257","165.041957000","0.0040","1705970.90","18579026.59"
"1.1.2.3","41869","5.6.7.8","http","12","3025","7","586","5","2439","165.087298000","0.0034","1389860.66","5784761.34"
"1.1.2.3","41870","5.6.7.8","http","18","8268","10","784","8","7484","165.141582000","0.0038","1650526.32","15755789.47"
"1.1.2.3","41871","5.6.7.8","http","18","8185","10","784","8","7401","165.571044000","0.0042","1496540.21","14127415.89"
"1.1.2.3","41872","5.6.7.8","http","14","5122","8","652","6","4470","166.857201000","0.0038","1371548.78","9403102.81"
"1.1.2.3","41873","5.6.7.8","http","14","5139","8","652","6","4487","166.908227000","0.0036","1451307.74","9987757.37"
"1.1.2.3","41874","5.6.7.8","http","18","8226","10","784","8","7442","167.061364000","0.0040","1585039.17","15045741.72"
"1.1.2.3","41875","5.6.7.8","http","14","5018","8","652","6","4366","167.084839000","0.0035","1470538.48","9847194.81"
"1.1.2.3","41876","5.6.7.8","http","18","8316","10","784","8","7532","167.109688000","0.0040","1585840.71","15235398.23"
"1.1.2.3","41877","5.6.7.8","http","18","7639","10","784","8","6855","167.167064000","0.0039","1613998.97","14112197.63"
"1.1.2.3","41878","5.6.7.8","http","18","7153","10","784","8","6369","167.272868000","0.0041","1544447.18","12546663.38"
"1.1.2.3","41879","5.6.7.8","http","12","3586","7","586","5","3000","167.415382000","0.0034","1371963.71","7023705.00"
"1.1.2.3","41880","5.6.7.8","http","16","5861","9","718","7","5143","167.556960000","0.0038","1527659.57","10942553.19"
"1.1.2.3","41881","5.6.7.8","http","16","5698","9","718","7","4980","167.746038000","0.0037","1563418.62","10843767.01"
"1.1.2.3","41882","5.6.7.8","http","22","11237","12","916","10","10321","168.017121000","0.0040","1831084.46","20631684.16"
"1.1.2.3","41883","5.6.7.8","http","22","11259","12","916","10","10343","168.363323000","0.0102","719701.43","8126497.74"
"1.1.2.3","41884","5.6.7.8","http","18","7427","10","784","8","6643","168.520403000","0.0039","1627400.10","13789309.81"
"1.1.2.3","41885","5.6.7.8","http","22","10356","12","916","10","9440","168.569166000","0.0040","1826065.29","18818838.77"
"1.1.2.3","41886","5.6.7.8","http","14","4424","8","652","6","3772","168.749082000","0.0036","1466404.27","8483553.56"
"1.1.2.3","41887","5.6.7.8","http","16","5608","9","718","7","4890","169.424130000","0.0040","1449041.37","9868819.37"
"1.1.2.3","41888","5.6.7.8","http","18","8332","10","784","8","7548","169.853670000","0.0041","1538386.07","14810890.36"
"1.1.2.3","41889","5.6.7.8","http","20","9383","11","850","9","8533","170.035145000","0.0041","1676115.36","16826226.28"
"1.1.2.3","41890","5.6.7.8","http","12","3528","7","586","5","2942","170.380705000","0.0037","1269772.48","6374864.57"
"1.1.2.3","41891","5.6.7.8","http","12","3603","7","586","5","3017","170.526152000","0.0036","1318335.21","6787401.57"
"1.1.2.3","41892","5.6.7.8","http","14","4188","8","652","6","3536","170.537269000","0.0036","1460246.36","7919372.90"
"1.1.2.3","41893","5.6.7.8","http","20","8848","11","850","9","7998","170.561663000","0.0041","1663812.09","15655493.03"
"1.1.2.3","41894","5.6.7.8","http","16","5772","9","718","7","5054","170.680893000","0.0037","1546580.51","10886375.88"
"1.1.2.3","41895","5.6.7.8","http","20","9361","11","850","9","8511","171.160545000","0.0040","1685254.03","16874349.44"
"1.1.2.3","41896","5.6.7.8","http","18","7385","10","784","8","6601","171.329122000","0.0040","1554784.33","13090728.81"
"1.1.2.3","41897","5.6.7.8","http","20","9101","11","850","9","8251","171.450893000","0.0040","1693227.09","16436254.98"
"1.1.2.3","41898","5.6.7.8","http","16","5929","9","718","7","5211","171.622268000","0.0038","1504058.65","10915946.58"
"1.1.2.3","41899","5.6.7.8","http","18","8159","10","784","8","7375","171.629730000","0.0038","1633333.33","15364583.33"
"1.1.2.3","41900","5.6.7.8","http","16","6824","9","718","7","6106","171.846184000","0.0038","1517168.52","12902271.53"
"1.1.2.3","41901","5.6.7.8","http","16","6970","9","718","7","6252","172.653881000","0.0040","1443578.79","12569992.46"
"1.1.2.3","41902","5.6.7.8","http","16","6175","9","718","7","5457","172.774276000","0.0037","1557061.53","11834101.38"
"1.1.2.3","41903","5.6.7.8","http","18","8471","10","784","8","7687","172.993328000","0.0039","1594711.42","15635901.35"
"1.1.2.3","41904","5.6.7.8","http","12","3773","7","586","5","3187","173.336375000","0.0037","1256162.92","6831725.62"
"1.1.2.3","41905","5.6.7.8","http","22","10421","12","916","10","9505","173.783943000","0.0040","1837973.41","19071983.95"
"1.1.2.3","41906","5.6.7.8","http","20","9941","11","850","9","9091","173.881470000","0.0041","1678597.88","17953098.00"
"1.1.2.3","41907","5.6.7.8","http","12","3506","7","586","5","2920","174.171549000","0.0035","1337899.54","6666666.67"
"1.1.2.3","41908","5.6.7.8","http","12","3779","7","586","5","3193","174.222618000","0.0035","1338663.62","7294117.65"
"1.1.2.3","41909","5.6.7.8","http","20","10119","11","850","9","9269","174.277597000","0.0042","1606805.29","17521739.13"
"1.1.2.3","41910","5.6.7.8","http","10","2158","6","520","4","1638","174.641198000","0.0034","1224970.55","3858657.24"
"1.1.2.3","41911","5.6.7.8","http","16","6977","9","718","7","6259","174.892790000","0.0039","1456389.45","12695740.37"
"1.1.2.3","41912","5.6.7.8","http","22","11232","12","916","10","10316","174.929754000","0.0041","1800491.40","20277149.88"
"1.1.2.3","41913","5.6.7.8","http","22","10441","12","916","10","9525","174.975955000","0.0040","1812067.26","18842729.97"
"1.1.2.3","41914","5.6.7.8","http","22","10332","12","916","10","9416","175.003935000","0.0039","1869864.76","19221229.91"
"1.1.2.3","41915","5.6.7.8","http","10","2072","6","520","4","1552","175.640429000","0.0035","1190271.82","3552503.58"
"1.1.2.3","41916","5.6.7.8","http","22","11064","12","916","10","10148","175.718356000","0.0040","1813861.39","20095049.50"
"1.1.2.3","41917","5.6.7.8","http","20","9520","11","850","9","8670","176.130998000","0.0041","1667075.26","17004167.69"
"1.1.2.3","41918","5.6.7.8","http","12","3819","7","586","5","3233","176.402652000","0.0035","1325417.02","7312411.65"
"1.1.2.3","41919","5.6.7.8","http","14","4515","8","652","6","3863","176.611462000","0.0036","1433360.81","8492442.98"
"1.1.2.3","41920","5.6.7.8","http","16","6593","9","718","7","5875","176.623581000","0.0037","1532141.90","12536676.45"
"1.1.2.3","41921","5.6.7.8","http","20","10072","11","850","9","9222","176.863215000","0.0040","1710691.82","18560000.00"
"1.1.2.3","41922","5.6.7.8","http","10","2087","6","520","4","1567","176.921902000","0.0032","1281577.33","3861983.98"
"1.1.2.3","41923","5.6.7.8","http","20","9330","11","850","9","8480","177.600684000","0.0043","1595120.81","15913675.82"
"1.1.2.3","41924","5.6.7.8","http","14","4080","8","652","6","3428","177.653653000","0.0034","1529618.77","8042228.74"
"1.1.2.3","41925","5.6.7.8","http","16","6051","9","718","7","5333","177.744068000","0.0036","1574993.15","11698382.23"
"1.1.2.3","41926","5.6.7.8","http","16","6774","9","718","7","6056","177.802943000","0.0038","1521186.44","12830508.47"
"1.1.2.3","41927","5.6.7.8","http","22","11703","12","916","10","10787","177.861243000","0.0040","1840281.27","21671521.85"
"1.1.2.3","41928","5.6.7.8","http","22","11166","12","916","10","10250","178.029414000","0.0040","1837051.89","20556530.46"
"1.1.2.3","41929","5.6.7.8","http","22","10374","12","916","10","9458","178.479637000","0.0042","1750597.23","18075489.73"
"1.1.2.3","41930","5.6.7.8","http","20","9260","11","850","9","8410","178.554943000","0.0040","1697030.20","16790616.42"
"1.1.2.3","41931","5.6.7.8","http","12","3785","7","586","5","3199","178.585172000","0.0034","1365967.37","7456876.46"
"1.1.2.3","41932","5.6.7.8","http","18","7311","10","784","8","6527","178.821657000","0.0075","835375.60","6954714.97"
"1.1.2.3","41933","5.6.7.8","http","20","9419","11","850","9","8569","178.986870000","0.0040","1686507.94","17001984.13"
"1.1.2.3","41934","5.6.7.8","http","16","5979","9","718","7","5261","179.011816000","0.0037","1554533.15","11390527.74"
"1.1.2.3","41935","5.6.7.8","http","12","2877","7","586","5","2291","179.055847000","0.0033","1401913.88","5480861.24"
"1.1.2.3","41936","5.6.7.8","http","24","11864","13","982","11","10882","179.092018000","0.0039","2007153.81","22242207.46"
"1.1.2.3","41937","5.6.7.8","http","18","8495","10","784","8","7711","179.131544000","0.0039","1618998.45","15923593.19"
"1.1.2.3","41938","5.6.7.8","http","16","6502","9","718","7","5784","179.204740000","0.0038","1528065.97","12309656.82"
"1.1.2.3","41939","5.6.7.8","http","22","11470","12","916","10","10554","179.247971000","0.0043","1700626.60","19594337.43"
"1.1.2.3","41940","5.6.7.8","http","16","6559","9","718","7","5841","179.388156000","0.0040","1437797.25","11696620.78"
"1.1.2.3","41941","5.6.7.8","http","16","5987","9","718","7","5269","180.065601000","0.0038","1510386.54","11083881.15"
"1.1.2.3","41942","5.6.7.8","http","22","11632","12","916","10","10716","180.115937000","0.0041","1793441.02","20980910.43"
"1.1.2.3","41943","5.6.7.8","http","14","4704","8","652","6","4052","180.141791000","0.0035","1473446.33","9157062.15"
"1.1.2.3","41944","5.6.7.8","http","16","5770","9","718","7","5052","180.399196000","0.0038","1504452.59","10585646.94"
"1.1.2.3","41945","5.6.7.8","http","18","7593","10","784","8","6809","180.461574000","0.0040","1552475.25","13483168.32"
"1.1.2.3","41946","5.6.7.8","http","14","5105","8","652","6","4453","180.563906000","0.0036","1451711.66","9914834.40"
"1.1.2.3","41947","5.6.7.8","http","14","4727","8","652","6","4075","180.722671000","0.0036","1461064.43","9131652.66"
